{"customer_id": "C6", "basket": [{"product_id": "P36", "price": 954}, {"product_id": "P38", "price": 992}, {"product_id": "P38", "price": 1737}], "date_of_purchase": "2019-01-16 14:31:00"}
{"customer_id": "C7", "basket": [{"product_id": "P39", "price": 1019}], "date_of_purchase": "2019-01-16 12:59:00"}
{"customer_id": "C10", "basket": [{"product_id": "P29", "price": 285}, {"product_id": "P31", "price": 1536}, {"product_id": "P24", "price": 208}], "date_of_purchase": "2019-01-16 14:12:00"}
{"customer_id": "C13", "basket": [{"product_id": "P05", "price": 1880}, {"product_id": "P07", "price": 509}], "date_of_purchase": "2019-01-16 19:17:00"}
{"customer_id": "C15", "basket": [{"product_id": "P33", "price": 1844}, {"product_id": "P23", "price": 378}, {"product_id": "P31", "price": 388}], "date_of_purchase": "2019-01-16 10:13:00"}
{"customer_id": "C20", "basket": [{"product_id": "P62", "price": 1908}, {"product_id": "P64", "price": 1016}], "date_of_purchase": "2019-01-16 15:41:00"}
{"customer_id": "C33", "basket": [{"product_id": "P35", "price": 1144}, {"product_id": "P38", "price": 1491}, {"product_id": "P35", "price": 610}], "date_of_purchase": "2019-01-16 06:56:00"}
{"customer_id": "C37", "basket": [{"product_id": "P31", "price": 810}], "date_of_purchase": "2019-01-16 17:25:00"}
{"customer_id": "C40", "basket": [{"product_id": "P09", "price": 1253}], "date_of_purchase": "2019-01-16 06:39:00"}
{"customer_id": "C43", "basket": [{"product_id": "P23", "price": 273}, {"product_id": "P24", "price": 603}, {"product_id": "P29", "price": 1083}], "date_of_purchase": "2019-01-16 18:55:00"}
{"customer_id": "C51", "basket": [{"product_id": "P64", "price": 81}], "date_of_purchase": "2019-01-16 05:09:00"}
{"customer_id": "C52", "basket": [{"product_id": "P21", "price": 329}, {"product_id": "P19", "price": 1102}], "date_of_purchase": "2019-01-16 20:12:00"}
{"customer_id": "C58", "basket": [{"product_id": "P64", "price": 634}, {"product_id": "P62", "price": 233}], "date_of_purchase": "2019-01-16 20:52:00"}
{"customer_id": "C67", "basket": [{"product_id": "P37", "price": 266}, {"product_id": "P35", "price": 732}, {"product_id": "P35", "price": 327}], "date_of_purchase": "2019-01-16 17:43:00"}
{"customer_id": "C72", "basket": [{"product_id": "P51", "price": 636}], "date_of_purchase": "2019-01-16 18:59:00"}
{"customer_id": "C84", "basket": [{"product_id": "P60", "price": 990}], "date_of_purchase": "2019-01-16 11:48:00"}
{"customer_id": "C95", "basket": [{"product_id": "P32", "price": 1513}, {"product_id": "P34", "price": 1812}], "date_of_purchase": "2019-01-16 06:36:00"}
{"customer_id": "C108", "basket": [{"product_id": "P63", "price": 796}, {"product_id": "P62", "price": 1039}], "date_of_purchase": "2019-01-16 22:48:00"}
{"customer_id": "C112", "basket": [{"product_id": "P28", "price": 1972}, {"product_id": "P26", "price": 1129}, {"product_id": "P34", "price": 1445}], "date_of_purchase": "2019-01-16 04:56:00"}
{"customer_id": "C114", "basket": [{"product_id": "P57", "price": 1297}, {"product_id": "P49", "price": 1271}], "date_of_purchase": "2019-01-16 21:27:00"}
{"customer_id": "C125", "basket": [{"product_id": "P62", "price": 1342}, {"product_id": "P64", "price": 262}, {"product_id": "P62", "price": 1528}], "date_of_purchase": "2019-01-16 14:43:00"}
{"customer_id": "C128", "basket": [{"product_id": "P31", "price": 1019}], "date_of_purchase": "2019-01-16 04:13:00"}
