{"customer_id": "C1", "basket": [{"product_id": "P42", "price": 599}, {"product_id": "P46", "price": 1720}], "date_of_purchase": "2018-12-09 12:53:00"}
{"customer_id": "C2", "basket": [{"product_id": "P09", "price": 1062}, {"product_id": "P04", "price": 1190}], "date_of_purchase": "2018-12-09 14:50:00"}
{"customer_id": "C5", "basket": [{"product_id": "P39", "price": 748}, {"product_id": "P39", "price": 367}], "date_of_purchase": "2018-12-09 10:15:00"}
{"customer_id": "C8", "basket": [{"product_id": "P25", "price": 871}, {"product_id": "P32", "price": 1037}, {"product_id": "P24", "price": 57}], "date_of_purchase": "2018-12-09 17:10:00"}
{"customer_id": "C9", "basket": [{"product_id": "P38", "price": 169}], "date_of_purchase": "2018-12-09 03:50:00"}
{"customer_id": "C20", "basket": [{"product_id": "P64", "price": 162}, {"product_id": "P61", "price": 902}], "date_of_purchase": "2018-12-09 08:18:00"}
{"customer_id": "C27", "basket": [{"product_id": "P49", "price": 864}, {"product_id": "P50", "price": 965}, {"product_id": "P46", "price": 609}], "date_of_purchase": "2018-12-09 19:44:00"}
{"customer_id": "C37", "basket": [{"product_id": "P53", "price": 98}, {"product_id": "P49", "price": 833}], "date_of_purchase": "2018-12-09 09:00:00"}
{"customer_id": "C48", "basket": [{"product_id": "P61", "price": 883}, {"product_id": "P61", "price": 705}], "date_of_purchase": "2018-12-09 06:56:00"}
{"customer_id": "C51", "basket": [{"product_id": "P62", "price": 406}], "date_of_purchase": "2018-12-09 14:56:00"}
{"customer_id": "C56", "basket": [{"product_id": "P18", "price": 1782}], "date_of_purchase": "2018-12-09 19:23:00"}
{"customer_id": "C57", "basket": [{"product_id": "P50", "price": 1571}], "date_of_purchase": "2018-12-09 12:32:00"}
{"customer_id": "C58", "basket": [{"product_id": "P61", "price": 1894}, {"product_id": "P61", "price": 1062}, {"product_id": "P63", "price": 1881}], "date_of_purchase": "2018-12-09 18:52:00"}
{"customer_id": "C64", "basket": [{"product_id": "P55", "price": 1798}], "date_of_purchase": "2018-12-09 08:40:00"}
{"customer_id": "C65", "basket": [{"product_id": "P18", "price": 1418}], "date_of_purchase": "2018-12-09 09:14:00"}
{"customer_id": "C67", "basket": [{"product_id": "P35", "price": 1211}], "date_of_purchase": "2018-12-09 22:41:00"}
{"customer_id": "C71", "basket": [{"product_id": "P05", "price": 1876}, {"product_id": "P11", "price": 508}], "date_of_purchase": "2018-12-09 09:56:00"}
{"customer_id": "C74", "basket": [{"product_id": "P37", "price": 73}], "date_of_purchase": "2018-12-09 05:44:00"}
{"customer_id": "C88", "basket": [{"product_id": "P35", "price": 1787}], "date_of_purchase": "2018-12-09 21:58:00"}
{"customer_id": "C95", "basket": [{"product_id": "P28", "price": 1321}], "date_of_purchase": "2018-12-09 22:50:00"}
{"customer_id": "C98", "basket": [{"product_id": "P29", "price": 1338}], "date_of_purchase": "2018-12-09 18:55:00"}
{"customer_id": "C104", "basket": [{"product_id": "P56", "price": 876}, {"product_id": "P51", "price": 1483}], "date_of_purchase": "2018-12-09 08:14:00"}
{"customer_id": "C108", "basket": [{"product_id": "P63", "price": 1726}, {"product_id": "P64", "price": 1508}, {"product_id": "P64", "price": 737}], "date_of_purchase": "2018-12-09 17:20:00"}
{"customer_id": "C110", "basket": [{"product_id": "P49", "price": 909}], "date_of_purchase": "2018-12-09 13:48:00"}
{"customer_id": "C115", "basket": [{"product_id": "P40", "price": 1219}, {"product_id": "P35", "price": 1567}, {"product_id": "P40", "price": 315}], "date_of_purchase": "2018-12-09 13:54:00"}
{"customer_id": "C118", "basket": [{"product_id": "P24", "price": 1244}], "date_of_purchase": "2018-12-09 03:14:00"}
{"customer_id": "C119", "basket": [{"product_id": "P38", "price": 444}, {"product_id": "P39", "price": 1557}], "date_of_purchase": "2018-12-09 12:18:00"}
{"customer_id": "C127", "basket": [{"product_id": "P32", "price": 1992}, {"product_id": "P22", "price": 852}], "date_of_purchase": "2018-12-09 11:20:00"}
{"customer_id": "C129", "basket": [{"product_id": "P33", "price": 1952}, {"product_id": "P29", "price": 441}], "date_of_purchase": "2018-12-09 07:15:00"}
{"customer_id": "C134", "basket": [{"product_id": "P39", "price": 183}], "date_of_purchase": "2018-12-09 22:12:00"}
