{"customer_id": "C5", "basket": [{"product_id": "P53", "price": 647}], "date_of_purchase": "2019-01-09 16:44:00"}
{"customer_id": "C9", "basket": [{"product_id": "P40", "price": 798}, {"product_id": "P38", "price": 1150}], "date_of_purchase": "2019-01-09 22:54:00"}
{"customer_id": "C10", "basket": [{"product_id": "P37", "price": 1231}, {"product_id": "P35", "price": 1887}, {"product_id": "P36", "price": 146}], "date_of_purchase": "2019-01-09 12:20:00"}
{"customer_id": "C12", "basket": [{"product_id": "P48", "price": 1134}], "date_of_purchase": "2019-01-09 23:02:00"}
{"customer_id": "C13", "basket": [{"product_id": "P59", "price": 1107}, {"product_id": "P51", "price": 1828}], "date_of_purchase": "2019-01-09 23:40:00"}
{"customer_id": "C14", "basket": [{"product_id": "P21", "price": 1757}, {"product_id": "P20", "price": 709}, {"product_id": "P13", "price": 1174}], "date_of_purchase": "2019-01-09 12:40:00"}
{"customer_id": "C24", "basket": [{"product_id": "P37", "price": 883}, {"product_id": "P38", "price": 257}], "date_of_purchase": "2019-01-09 22:24:00"}
{"customer_id": "C26", "basket": [{"product_id": "P47", "price": 1337}, {"product_id": "P60", "price": 1193}, {"product_id": "P44", "price": 1293}], "date_of_purchase": "2019-01-09 17:00:00"}
{"customer_id": "C28", "basket": [{"product_id": "P34", "price": 1405}, {"product_id": "P32", "price": 748}], "date_of_purchase": "2019-01-09 18:03:00"}
{"customer_id": "C31", "basket": [{"product_id": "P40", "price": 1053}], "date_of_purchase": "2019-01-09 21:51:00"}
{"customer_id": "C32", "basket": [{"product_id": "P35", "price": 1065}, {"product_id": "P37", "price": 1621}], "date_of_purchase": "2019-01-09 07:02:00"}
{"customer_id": "C36", "basket": [{"product_id": "P42", "price": 1452}, {"product_id": "P48", "price": 1593}, {"product_id": "P60", "price": 992}], "date_of_purchase": "2019-01-09 05:53:00"}
{"customer_id": "C38", "basket": [{"product_id": "P46", "price": 1832}], "date_of_purchase": "2019-01-09 06:47:00"}
{"customer_id": "C43", "basket": [{"product_id": "P24", "price": 458}], "date_of_purchase": "2019-01-09 13:47:00"}
{"customer_id": "C57", "basket": [{"product_id": "P03", "price": 1543}], "date_of_purchase": "2019-01-09 08:55:00"}
{"customer_id": "C58", "basket": [{"product_id": "P61", "price": 1104}], "date_of_purchase": "2019-01-09 13:57:00"}
{"customer_id": "C60", "basket": [{"product_id": "P61", "price": 1971}], "date_of_purchase": "2019-01-09 04:29:00"}
{"customer_id": "C63", "basket": [{"product_id": "P37", "price": 1171}], "date_of_purchase": "2019-01-09 14:57:00"}
{"customer_id": "C64", "basket": [{"product_id": "P23", "price": 667}, {"product_id": "P26", "price": 1530}], "date_of_purchase": "2019-01-09 19:09:00"}
{"customer_id": "C68", "basket": [{"product_id": "P57", "price": 255}, {"product_id": "P52", "price": 1947}], "date_of_purchase": "2019-01-09 08:52:00"}
{"customer_id": "C77", "basket": [{"product_id": "P36", "price": 146}, {"product_id": "P39", "price": 512}], "date_of_purchase": "2019-01-09 04:46:00"}
{"customer_id": "C78", "basket": [{"product_id": "P39", "price": 375}, {"product_id": "P39", "price": 1673}, {"product_id": "P37", "price": 1025}], "date_of_purchase": "2019-01-09 20:27:00"}
{"customer_id": "C86", "basket": [{"product_id": "P28", "price": 250}, {"product_id": "P31", "price": 1095}, {"product_id": "P27", "price": 387}], "date_of_purchase": "2019-01-09 20:52:00"}
{"customer_id": "C91", "basket": [{"product_id": "P53", "price": 1462}], "date_of_purchase": "2019-01-09 06:13:00"}
{"customer_id": "C113", "basket": [{"product_id": "P45", "price": 1937}, {"product_id": "P59", "price": 1845}], "date_of_purchase": "2019-01-09 16:39:00"}
{"customer_id": "C115", "basket": [{"product_id": "P14", "price": 1720}], "date_of_purchase": "2019-01-09 07:28:00"}
{"customer_id": "C117", "basket": [{"product_id": "P29", "price": 405}, {"product_id": "P31", "price": 1615}, {"product_id": "P23", "price": 922}], "date_of_purchase": "2019-01-09 03:34:00"}
{"customer_id": "C118", "basket": [{"product_id": "P38", "price": 63}, {"product_id": "P38", "price": 554}, {"product_id": "P39", "price": 1766}], "date_of_purchase": "2019-01-09 04:47:00"}
{"customer_id": "C119", "basket": [{"product_id": "P37", "price": 1483}, {"product_id": "P37", "price": 382}], "date_of_purchase": "2019-01-09 19:55:00"}
{"customer_id": "C122", "basket": [{"product_id": "P24", "price": 1546}, {"product_id": "P29", "price": 372}], "date_of_purchase": "2019-01-09 23:12:00"}
{"customer_id": "C123", "basket": [{"product_id": "P03", "price": 156}, {"product_id": "P07", "price": 235}, {"product_id": "P11", "price": 147}], "date_of_purchase": "2019-01-09 07:09:00"}
{"customer_id": "C125", "basket": [{"product_id": "P28", "price": 636}, {"product_id": "P25", "price": 1556}, {"product_id": "P30", "price": 1720}], "date_of_purchase": "2019-01-09 10:52:00"}
{"customer_id": "C128", "basket": [{"product_id": "P52", "price": 43}, {"product_id": "P43", "price": 11}], "date_of_purchase": "2019-01-09 19:48:00"}
{"customer_id": "C134", "basket": [{"product_id": "P35", "price": 265}, {"product_id": "P35", "price": 1452}, {"product_id": "P36", "price": 1261}], "date_of_purchase": "2019-01-09 13:03:00"}
