{"customer_id": "C4", "basket": [{"product_id": "P49", "price": 813}, {"product_id": "P43", "price": 965}], "date_of_purchase": "2019-02-17 09:39:00"}
{"customer_id": "C7", "basket": [{"product_id": "P36", "price": 664}, {"product_id": "P39", "price": 845}, {"product_id": "P38", "price": 51}], "date_of_purchase": "2019-02-17 06:24:00"}
{"customer_id": "C13", "basket": [{"product_id": "P64", "price": 1694}], "date_of_purchase": "2019-02-17 09:13:00"}
{"customer_id": "C19", "basket": [{"product_id": "P12", "price": 986}], "date_of_purchase": "2019-02-17 06:24:00"}
{"customer_id": "C20", "basket": [{"product_id": "P61", "price": 1395}, {"product_id": "P64", "price": 1918}, {"product_id": "P61", "price": 941}], "date_of_purchase": "2019-02-17 04:59:00"}
{"customer_id": "C23", "basket": [{"product_id": "P47", "price": 1716}], "date_of_purchase": "2019-02-17 04:39:00"}
{"customer_id": "C26", "basket": [{"product_id": "P45", "price": 1851}], "date_of_purchase": "2019-02-17 09:03:00"}
{"customer_id": "C38", "basket": [{"product_id": "P45", "price": 91}, {"product_id": "P59", "price": 656}], "date_of_purchase": "2019-02-17 08:37:00"}
{"customer_id": "C40", "basket": [{"product_id": "P34", "price": 1752}, {"product_id": "P29", "price": 71}], "date_of_purchase": "2019-02-17 22:58:00"}
{"customer_id": "C42", "basket": [{"product_id": "P38", "price": 1504}, {"product_id": "P37", "price": 1806}, {"product_id": "P38", "price": 814}], "date_of_purchase": "2019-02-17 03:48:00"}
{"customer_id": "C44", "basket": [{"product_id": "P39", "price": 1336}, {"product_id": "P39", "price": 44}, {"product_id": "P39", "price": 791}], "date_of_purchase": "2019-02-17 19:00:00"}
{"customer_id": "C45", "basket": [{"product_id": "P45", "price": 343}, {"product_id": "P41", "price": 1484}], "date_of_purchase": "2019-02-17 08:17:00"}
{"customer_id": "C46", "basket": [{"product_id": "P22", "price": 1819}], "date_of_purchase": "2019-02-17 04:38:00"}
{"customer_id": "C56", "basket": [{"product_id": "P11", "price": 1873}], "date_of_purchase": "2019-02-17 05:38:00"}
{"customer_id": "C60", "basket": [{"product_id": "P37", "price": 1129}, {"product_id": "P40", "price": 1303}, {"product_id": "P38", "price": 1405}], "date_of_purchase": "2019-02-17 20:12:00"}
{"customer_id": "C65", "basket": [{"product_id": "P15", "price": 1918}, {"product_id": "P19", "price": 415}], "date_of_purchase": "2019-02-17 18:49:00"}
{"customer_id": "C67", "basket": [{"product_id": "P40", "price": 14}], "date_of_purchase": "2019-02-17 10:15:00"}
{"customer_id": "C72", "basket": [{"product_id": "P12", "price": 204}, {"product_id": "P10", "price": 109}], "date_of_purchase": "2019-02-17 13:55:00"}
{"customer_id": "C73", "basket": [{"product_id": "P39", "price": 140}], "date_of_purchase": "2019-02-17 21:20:00"}
{"customer_id": "C79", "basket": [{"product_id": "P24", "price": 1087}], "date_of_purchase": "2019-02-17 08:00:00"}
{"customer_id": "C101", "basket": [{"product_id": "P24", "price": 945}], "date_of_purchase": "2019-02-17 15:38:00"}
{"customer_id": "C107", "basket": [{"product_id": "P40", "price": 1570}], "date_of_purchase": "2019-02-17 17:20:00"}
{"customer_id": "C110", "basket": [{"product_id": "P57", "price": 1651}, {"product_id": "P57", "price": 1315}], "date_of_purchase": "2019-02-17 20:26:00"}
{"customer_id": "C111", "basket": [{"product_id": "P23", "price": 1270}], "date_of_purchase": "2019-02-17 17:17:00"}
{"customer_id": "C117", "basket": [{"product_id": "P34", "price": 77}, {"product_id": "P26", "price": 1288}, {"product_id": "P26", "price": 1896}], "date_of_purchase": "2019-02-17 17:46:00"}
{"customer_id": "C119", "basket": [{"product_id": "P36", "price": 1655}, {"product_id": "P40", "price": 1108}], "date_of_purchase": "2019-02-17 20:38:00"}
{"customer_id": "C120", "basket": [{"product_id": "P37", "price": 215}, {"product_id": "P39", "price": 566}, {"product_id": "P38", "price": 886}], "date_of_purchase": "2019-02-17 15:11:00"}
{"customer_id": "C124", "basket": [{"product_id": "P06", "price": 1402}, {"product_id": "P03", "price": 1530}], "date_of_purchase": "2019-02-17 23:29:00"}
{"customer_id": "C134", "basket": [{"product_id": "P02", "price": 1706}, {"product_id": "P01", "price": 899}], "date_of_purchase": "2019-02-17 15:01:00"}
