{"customer_id": "C4", "basket": [{"product_id": "P17", "price": 1043}], "date_of_purchase": "2019-01-13 05:37:00"}
{"customer_id": "C12", "basket": [{"product_id": "P42", "price": 1128}, {"product_id": "P55", "price": 1437}], "date_of_purchase": "2019-01-13 09:50:00"}
{"customer_id": "C27", "basket": [{"product_id": "P35", "price": 1757}, {"product_id": "P38", "price": 1595}], "date_of_purchase": "2019-01-13 11:39:00"}
{"customer_id": "C29", "basket": [{"product_id": "P47", "price": 1297}, {"product_id": "P54", "price": 1704}, {"product_id": "P47", "price": 264}], "date_of_purchase": "2019-01-13 23:27:00"}
{"customer_id": "C35", "basket": [{"product_id": "P42", "price": 874}, {"product_id": "P46", "price": 1788}, {"product_id": "P41", "price": 874}], "date_of_purchase": "2019-01-13 05:42:00"}
{"customer_id": "C47", "basket": [{"product_id": "P46", "price": 1520}, {"product_id": "P52", "price": 902}], "date_of_purchase": "2019-01-13 21:01:00"}
{"customer_id": "C62", "basket": [{"product_id": "P52", "price": 911}, {"product_id": "P42", "price": 733}], "date_of_purchase": "2019-01-13 18:30:00"}
{"customer_id": "C64", "basket": [{"product_id": "P51", "price": 1755}, {"product_id": "P53", "price": 1591}, {"product_id": "P45", "price": 208}], "date_of_purchase": "2019-01-13 09:14:00"}
{"customer_id": "C70", "basket": [{"product_id": "P01", "price": 1935}], "date_of_purchase": "2019-01-13 16:43:00"}
{"customer_id": "C71", "basket": [{"product_id": "P45", "price": 640}], "date_of_purchase": "2019-01-13 08:37:00"}
{"customer_id": "C72", "basket": [{"product_id": "P64", "price": 1963}, {"product_id": "P64", "price": 1169}, {"product_id": "P63", "price": 1665}], "date_of_purchase": "2019-01-13 19:00:00"}
{"customer_id": "C91", "basket": [{"product_id": "P45", "price": 442}, {"product_id": "P52", "price": 1931}], "date_of_purchase": "2019-01-13 14:36:00"}
{"customer_id": "C93", "basket": [{"product_id": "P24", "price": 1280}, {"product_id": "P25", "price": 1221}, {"product_id": "P23", "price": 1145}], "date_of_purchase": "2019-01-13 14:19:00"}
{"customer_id": "C94", "basket": [{"product_id": "P63", "price": 275}, {"product_id": "P61", "price": 510}], "date_of_purchase": "2019-01-13 02:49:00"}
{"customer_id": "C96", "basket": [{"product_id": "P63", "price": 1667}, {"product_id": "P61", "price": 1266}], "date_of_purchase": "2019-01-13 11:11:00"}
{"customer_id": "C98", "basket": [{"product_id": "P32", "price": 178}, {"product_id": "P34", "price": 535}, {"product_id": "P32", "price": 1116}], "date_of_purchase": "2019-01-13 14:59:00"}
{"customer_id": "C99", "basket": [{"product_id": "P40", "price": 50}], "date_of_purchase": "2019-01-13 19:54:00"}
{"customer_id": "C103", "basket": [{"product_id": "P52", "price": 1923}], "date_of_purchase": "2019-01-13 05:02:00"}
{"customer_id": "C104", "basket": [{"product_id": "P64", "price": 1461}, {"product_id": "P61", "price": 1119}, {"product_id": "P61", "price": 1142}], "date_of_purchase": "2019-01-13 19:09:00"}
{"customer_id": "C108", "basket": [{"product_id": "P63", "price": 795}, {"product_id": "P64", "price": 1610}, {"product_id": "P62", "price": 1260}], "date_of_purchase": "2019-01-13 20:37:00"}
{"customer_id": "C117", "basket": [{"product_id": "P02", "price": 683}, {"product_id": "P12", "price": 110}], "date_of_purchase": "2019-01-13 18:10:00"}
{"customer_id": "C119", "basket": [{"product_id": "P29", "price": 1473}], "date_of_purchase": "2019-01-13 20:48:00"}
{"customer_id": "C125", "basket": [{"product_id": "P31", "price": 170}, {"product_id": "P24", "price": 309}, {"product_id": "P30", "price": 1182}], "date_of_purchase": "2019-01-13 06:47:00"}
{"customer_id": "C128", "basket": [{"product_id": "P60", "price": 629}], "date_of_purchase": "2019-01-13 11:21:00"}
