{"customer_id": "C3", "basket": [{"product_id": "P63", "price": 155}, {"product_id": "P64", "price": 152}, {"product_id": "P61", "price": 192}], "date_of_purchase": "2018-12-26 03:36:00"}
{"customer_id": "C9", "basket": [{"product_id": "P36", "price": 1610}], "date_of_purchase": "2018-12-26 07:59:00"}
{"customer_id": "C11", "basket": [{"product_id": "P23", "price": 962}, {"product_id": "P33", "price": 901}, {"product_id": "P22", "price": 123}], "date_of_purchase": "2018-12-26 20:40:00"}
{"customer_id": "C25", "basket": [{"product_id": "P36", "price": 1586}], "date_of_purchase": "2018-12-26 11:33:00"}
{"customer_id": "C26", "basket": [{"product_id": "P55", "price": 710}], "date_of_purchase": "2018-12-26 17:02:00"}
{"customer_id": "C27", "basket": [{"product_id": "P59", "price": 1188}], "date_of_purchase": "2018-12-26 08:38:00"}
{"customer_id": "C31", "basket": [{"product_id": "P64", "price": 863}, {"product_id": "P63", "price": 1322}, {"product_id": "P64", "price": 432}], "date_of_purchase": "2018-12-26 09:37:00"}
{"customer_id": "C35", "basket": [{"product_id": "P46", "price": 1249}, {"product_id": "P48", "price": 105}], "date_of_purchase": "2018-12-26 12:39:00"}
{"customer_id": "C42", "basket": [{"product_id": "P23", "price": 1912}, {"product_id": "P22", "price": 138}, {"product_id": "P25", "price": 1777}], "date_of_purchase": "2018-12-26 16:52:00"}
{"customer_id": "C43", "basket": [{"product_id": "P27", "price": 1383}, {"product_id": "P25", "price": 1047}], "date_of_purchase": "2018-12-26 04:26:00"}
{"customer_id": "C51", "basket": [{"product_id": "P63", "price": 491}], "date_of_purchase": "2018-12-26 20:12:00"}
{"customer_id": "C53", "basket": [{"product_id": "P32", "price": 1082}, {"product_id": "P30", "price": 90}], "date_of_purchase": "2018-12-26 11:26:00"}
{"customer_id": "C57", "basket": [{"product_id": "P09", "price": 158}, {"product_id": "P02", "price": 342}, {"product_id": "P12", "price": 1896}], "date_of_purchase": "2018-12-26 16:29:00"}
{"customer_id": "C62", "basket": [{"product_id": "P63", "price": 460}], "date_of_purchase": "2018-12-26 22:56:00"}
{"customer_id": "C63", "basket": [{"product_id": "P28", "price": 1486}, {"product_id": "P22", "price": 1210}, {"product_id": "P32", "price": 1144}], "date_of_purchase": "2018-12-26 03:49:00"}
{"customer_id": "C74", "basket": [{"product_id": "P27", "price": 1274}, {"product_id": "P28", "price": 68}, {"product_id": "P25", "price": 233}], "date_of_purchase": "2018-12-26 13:28:00"}
{"customer_id": "C76", "basket": [{"product_id": "P29", "price": 315}], "date_of_purchase": "2018-12-26 04:40:00"}
{"customer_id": "C78", "basket": [{"product_id": "P61", "price": 369}, {"product_id": "P61", "price": 1173}, {"product_id": "P64", "price": 456}], "date_of_purchase": "2018-12-26 22:11:00"}
{"customer_id": "C86", "basket": [{"product_id": "P62", "price": 384}], "date_of_purchase": "2018-12-26 23:58:00"}
{"customer_id": "C92", "basket": [{"product_id": "P12", "price": 1822}, {"product_id": "P06", "price": 878}, {"product_id": "P04", "price": 889}], "date_of_purchase": "2018-12-26 16:13:00"}
{"customer_id": "C94", "basket": [{"product_id": "P64", "price": 1492}, {"product_id": "P63", "price": 718}], "date_of_purchase": "2018-12-26 12:12:00"}
{"customer_id": "C95", "basket": [{"product_id": "P22", "price": 1752}], "date_of_purchase": "2018-12-26 16:32:00"}
{"customer_id": "C111", "basket": [{"product_id": "P26", "price": 1762}, {"product_id": "P28", "price": 907}], "date_of_purchase": "2018-12-26 09:24:00"}
{"customer_id": "C118", "basket": [{"product_id": "P35", "price": 1723}, {"product_id": "P35", "price": 1041}], "date_of_purchase": "2018-12-26 22:21:00"}
{"customer_id": "C125", "basket": [{"product_id": "P63", "price": 1855}, {"product_id": "P62", "price": 71}], "date_of_purchase": "2018-12-26 17:57:00"}
{"customer_id": "C130", "basket": [{"product_id": "P58", "price": 282}, {"product_id": "P56", "price": 487}], "date_of_purchase": "2018-12-26 10:05:00"}
