{"customer_id": "C4", "basket": [{"product_id": "P39", "price": 1196}, {"product_id": "P39", "price": 313}, {"product_id": "P38", "price": 997}], "date_of_purchase": "2019-02-03 04:11:00"}
{"customer_id": "C9", "basket": [{"product_id": "P35", "price": 1677}], "date_of_purchase": "2019-02-03 07:58:00"}
{"customer_id": "C12", "basket": [{"product_id": "P49", "price": 228}], "date_of_purchase": "2019-02-03 07:24:00"}
{"customer_id": "C13", "basket": [{"product_id": "P61", "price": 1466}, {"product_id": "P63", "price": 1607}, {"product_id": "P64", "price": 722}], "date_of_purchase": "2019-02-03 14:02:00"}
{"customer_id": "C28", "basket": [{"product_id": "P34", "price": 1543}], "date_of_purchase": "2019-02-03 10:57:00"}
{"customer_id": "C35", "basket": [{"product_id": "P52", "price": 821}], "date_of_purchase": "2019-02-03 14:17:00"}
{"customer_id": "C38", "basket": [{"product_id": "P26", "price": 705}, {"product_id": "P32", "price": 169}, {"product_id": "P27", "price": 544}], "date_of_purchase": "2019-02-03 05:13:00"}
{"customer_id": "C39", "basket": [{"product_id": "P35", "price": 394}, {"product_id": "P37", "price": 140}, {"product_id": "P40", "price": 538}], "date_of_purchase": "2019-02-03 17:30:00"}
{"customer_id": "C42", "basket": [{"product_id": "P37", "price": 1160}, {"product_id": "P36", "price": 1957}], "date_of_purchase": "2019-02-03 22:00:00"}
{"customer_id": "C44", "basket": [{"product_id": "P47", "price": 1823}, {"product_id": "P58", "price": 919}], "date_of_purchase": "2019-02-03 21:54:00"}
{"customer_id": "C48", "basket": [{"product_id": "P26", "price": 217}], "date_of_purchase": "2019-02-03 05:04:00"}
{"customer_id": "C56", "basket": [{"product_id": "P02", "price": 412}, {"product_id": "P01", "price": 286}], "date_of_purchase": "2019-02-03 04:29:00"}
{"customer_id": "C60", "basket": [{"product_id": "P38", "price": 1460}, {"product_id": "P38", "price": 112}, {"product_id": "P37", "price": 415}], "date_of_purchase": "2019-02-03 14:00:00"}
{"customer_id": "C72", "basket": [{"product_id": "P11", "price": 114}], "date_of_purchase": "2019-02-03 08:43:00"}
{"customer_id": "C76", "basket": [{"product_id": "P23", "price": 1759}, {"product_id": "P27", "price": 377}], "date_of_purchase": "2019-02-03 06:59:00"}
{"customer_id": "C78", "basket": [{"product_id": "P39", "price": 787}, {"product_id": "P37", "price": 518}, {"product_id": "P39", "price": 1940}], "date_of_purchase": "2019-02-03 04:00:00"}
{"customer_id": "C79", "basket": [{"product_id": "P34", "price": 707}, {"product_id": "P31", "price": 288}, {"product_id": "P34", "price": 1465}], "date_of_purchase": "2019-02-03 15:19:00"}
{"customer_id": "C82", "basket": [{"product_id": "P07", "price": 1839}, {"product_id": "P07", "price": 1305}], "date_of_purchase": "2019-02-03 03:17:00"}
{"customer_id": "C84", "basket": [{"product_id": "P31", "price": 1294}, {"product_id": "P32", "price": 1413}, {"product_id": "P34", "price": 244}], "date_of_purchase": "2019-02-03 13:01:00"}
{"customer_id": "C86", "basket": [{"product_id": "P42", "price": 1888}, {"product_id": "P52", "price": 557}], "date_of_purchase": "2019-02-03 20:36:00"}
{"customer_id": "C88", "basket": [{"product_id": "P33", "price": 13}], "date_of_purchase": "2019-02-03 08:36:00"}
{"customer_id": "C91", "basket": [{"product_id": "P36", "price": 121}], "date_of_purchase": "2019-02-03 04:17:00"}
{"customer_id": "C102", "basket": [{"product_id": "P39", "price": 1892}, {"product_id": "P36", "price": 472}], "date_of_purchase": "2019-02-03 17:59:00"}
{"customer_id": "C104", "basket": [{"product_id": "P64", "price": 665}, {"product_id": "P61", "price": 1053}, {"product_id": "P64", "price": 347}], "date_of_purchase": "2019-02-03 08:58:00"}
{"customer_id": "C108", "basket": [{"product_id": "P64", "price": 1516}, {"product_id": "P61", "price": 1707}], "date_of_purchase": "2019-02-03 07:43:00"}
{"customer_id": "C110", "basket": [{"product_id": "P52", "price": 804}, {"product_id": "P43", "price": 140}, {"product_id": "P50", "price": 938}], "date_of_purchase": "2019-02-03 07:23:00"}
{"customer_id": "C111", "basket": [{"product_id": "P32", "price": 534}, {"product_id": "P28", "price": 234}], "date_of_purchase": "2019-02-03 22:57:00"}
{"customer_id": "C112", "basket": [{"product_id": "P28", "price": 923}, {"product_id": "P31", "price": 1938}, {"product_id": "P22", "price": 179}], "date_of_purchase": "2019-02-03 07:52:00"}
{"customer_id": "C113", "basket": [{"product_id": "P52", "price": 1988}, {"product_id": "P41", "price": 1464}], "date_of_purchase": "2019-02-03 20:22:00"}
{"customer_id": "C122", "basket": [{"product_id": "P27", "price": 1575}, {"product_id": "P28", "price": 901}], "date_of_purchase": "2019-02-03 03:06:00"}
{"customer_id": "C129", "basket": [{"product_id": "P63", "price": 1366}, {"product_id": "P63", "price": 1446}, {"product_id": "P64", "price": 3}], "date_of_purchase": "2019-02-03 10:55:00"}
