{"customer_id": "C7", "basket": [{"product_id": "P38", "price": 763}, {"product_id": "P39", "price": 161}], "date_of_purchase": "2019-01-24 06:05:00"}
{"customer_id": "C9", "basket": [{"product_id": "P40", "price": 534}], "date_of_purchase": "2019-01-24 23:10:00"}
{"customer_id": "C10", "basket": [{"product_id": "P29", "price": 1607}, {"product_id": "P27", "price": 1417}], "date_of_purchase": "2019-01-24 07:03:00"}
{"customer_id": "C13", "basket": [{"product_id": "P03", "price": 205}], "date_of_purchase": "2019-01-24 03:55:00"}
{"customer_id": "C17", "basket": [{"product_id": "P01", "price": 168}], "date_of_purchase": "2019-01-24 05:30:00"}
{"customer_id": "C23", "basket": [{"product_id": "P42", "price": 1073}], "date_of_purchase": "2019-01-24 05:44:00"}
{"customer_id": "C26", "basket": [{"product_id": "P51", "price": 1915}, {"product_id": "P47", "price": 1111}, {"product_id": "P49", "price": 699}], "date_of_purchase": "2019-01-24 07:48:00"}
{"customer_id": "C29", "basket": [{"product_id": "P55", "price": 45}], "date_of_purchase": "2019-01-24 08:28:00"}
{"customer_id": "C45", "basket": [{"product_id": "P23", "price": 720}, {"product_id": "P30", "price": 848}, {"product_id": "P29", "price": 931}], "date_of_purchase": "2019-01-24 06:17:00"}
{"customer_id": "C48", "basket": [{"product_id": "P33", "price": 1355}, {"product_id": "P26", "price": 594}], "date_of_purchase": "2019-01-24 14:12:00"}
{"customer_id": "C52", "basket": [{"product_id": "P40", "price": 1748}, {"product_id": "P36", "price": 1781}, {"product_id": "P35", "price": 1238}], "date_of_purchase": "2019-01-24 04:55:00"}
{"customer_id": "C57", "basket": [{"product_id": "P02", "price": 1832}, {"product_id": "P05", "price": 1304}], "date_of_purchase": "2019-01-24 06:40:00"}
{"customer_id": "C62", "basket": [{"product_id": "P36", "price": 1806}, {"product_id": "P36", "price": 1180}, {"product_id": "P40", "price": 1423}], "date_of_purchase": "2019-01-24 13:58:00"}
{"customer_id": "C65", "basket": [{"product_id": "P19", "price": 323}, {"product_id": "P13", "price": 1962}], "date_of_purchase": "2019-01-24 10:23:00"}
{"customer_id": "C68", "basket": [{"product_id": "P60", "price": 1820}], "date_of_purchase": "2019-01-24 16:21:00"}
{"customer_id": "C81", "basket": [{"product_id": "P59", "price": 753}, {"product_id": "P49", "price": 187}, {"product_id": "P43", "price": 308}], "date_of_purchase": "2019-01-24 06:18:00"}
{"customer_id": "C91", "basket": [{"product_id": "P40", "price": 360}], "date_of_purchase": "2019-01-24 16:58:00"}
{"customer_id": "C92", "basket": [{"product_id": "P57", "price": 1652}, {"product_id": "P52", "price": 106}, {"product_id": "P46", "price": 1718}], "date_of_purchase": "2019-01-24 08:16:00"}
{"customer_id": "C93", "basket": [{"product_id": "P33", "price": 860}, {"product_id": "P34", "price": 451}, {"product_id": "P25", "price": 1704}], "date_of_purchase": "2019-01-24 17:36:00"}
{"customer_id": "C111", "basket": [{"product_id": "P33", "price": 920}], "date_of_purchase": "2019-01-24 04:20:00"}
{"customer_id": "C113", "basket": [{"product_id": "P39", "price": 770}, {"product_id": "P37", "price": 1006}, {"product_id": "P40", "price": 746}], "date_of_purchase": "2019-01-24 16:58:00"}
{"customer_id": "C117", "basket": [{"product_id": "P33", "price": 1505}, {"product_id": "P31", "price": 1710}], "date_of_purchase": "2019-01-24 07:07:00"}
{"customer_id": "C120", "basket": [{"product_id": "P28", "price": 548}], "date_of_purchase": "2019-01-24 16:20:00"}
{"customer_id": "C123", "basket": [{"product_id": "P01", "price": 1244}, {"product_id": "P09", "price": 153}], "date_of_purchase": "2019-01-24 23:38:00"}
{"customer_id": "C127", "basket": [{"product_id": "P32", "price": 418}, {"product_id": "P22", "price": 1390}], "date_of_purchase": "2019-01-24 04:54:00"}
{"customer_id": "C129", "basket": [{"product_id": "P02", "price": 245}, {"product_id": "P11", "price": 455}], "date_of_purchase": "2019-01-24 18:17:00"}
{"customer_id": "C134", "basket": [{"product_id": "P08", "price": 1380}, {"product_id": "P07", "price": 489}], "date_of_purchase": "2019-01-24 17:03:00"}
{"customer_id": "C136", "basket": [{"product_id": "P33", "price": 260}, {"product_id": "P26", "price": 1324}], "date_of_purchase": "2019-01-24 13:52:00"}
