{"customer_id": "C3", "basket": [{"product_id": "P10", "price": 352}, {"product_id": "P04", "price": 435}, {"product_id": "P08", "price": 167}], "date_of_purchase": "2019-01-30 08:44:00"}
{"customer_id": "C6", "basket": [{"product_id": "P39", "price": 1097}], "date_of_purchase": "2019-01-30 15:20:00"}
{"customer_id": "C13", "basket": [{"product_id": "P01", "price": 920}, {"product_id": "P07", "price": 1566}, {"product_id": "P03", "price": 153}], "date_of_purchase": "2019-01-30 09:33:00"}
{"customer_id": "C20", "basket": [{"product_id": "P18", "price": 80}, {"product_id": "P20", "price": 427}, {"product_id": "P20", "price": 1002}], "date_of_purchase": "2019-01-30 09:03:00"}
{"customer_id": "C23", "basket": [{"product_id": "P58", "price": 1664}], "date_of_purchase": "2019-01-30 05:56:00"}
{"customer_id": "C24", "basket": [{"product_id": "P36", "price": 1962}], "date_of_purchase": "2019-01-30 09:23:00"}
{"customer_id": "C29", "basket": [{"product_id": "P47", "price": 489}, {"product_id": "P43", "price": 704}, {"product_id": "P48", "price": 1334}], "date_of_purchase": "2019-01-30 11:38:00"}
{"customer_id": "C31", "basket": [{"product_id": "P46", "price": 970}, {"product_id": "P58", "price": 361}], "date_of_purchase": "2019-01-30 16:36:00"}
{"customer_id": "C37", "basket": [{"product_id": "P60", "price": 367}, {"product_id": "P47", "price": 271}], "date_of_purchase": "2019-01-30 07:41:00"}
{"customer_id": "C42", "basket": [{"product_id": "P40", "price": 1535}, {"product_id": "P37", "price": 109}], "date_of_purchase": "2019-01-30 04:30:00"}
{"customer_id": "C43", "basket": [{"product_id": "P02", "price": 1957}], "date_of_purchase": "2019-01-30 20:22:00"}
{"customer_id": "C44", "basket": [{"product_id": "P11", "price": 1799}, {"product_id": "P07", "price": 16}, {"product_id": "P06", "price": 650}], "date_of_purchase": "2019-01-30 04:57:00"}
{"customer_id": "C48", "basket": [{"product_id": "P64", "price": 25}, {"product_id": "P63", "price": 160}], "date_of_purchase": "2019-01-30 21:36:00"}
{"customer_id": "C50", "basket": [{"product_id": "P07", "price": 1179}], "date_of_purchase": "2019-01-30 06:10:00"}
{"customer_id": "C60", "basket": [{"product_id": "P23", "price": 408}, {"product_id": "P27", "price": 1094}], "date_of_purchase": "2019-01-30 19:32:00"}
{"customer_id": "C64", "basket": [{"product_id": "P48", "price": 1006}, {"product_id": "P55", "price": 1817}, {"product_id": "P49", "price": 1996}], "date_of_purchase": "2019-01-30 02:56:00"}
{"customer_id": "C67", "basket": [{"product_id": "P37", "price": 1667}, {"product_id": "P36", "price": 386}], "date_of_purchase": "2019-01-30 05:22:00"}
{"customer_id": "C68", "basket": [{"product_id": "P41", "price": 721}], "date_of_purchase": "2019-01-30 09:59:00"}
{"customer_id": "C73", "basket": [{"product_id": "P40", "price": 541}, {"product_id": "P38", "price": 1371}, {"product_id": "P37", "price": 1138}], "date_of_purchase": "2019-01-30 21:48:00"}
{"customer_id": "C81", "basket": [{"product_id": "P19", "price": 107}, {"product_id": "P20", "price": 1893}, {"product_id": "P14", "price": 330}], "date_of_purchase": "2019-01-30 15:30:00"}
{"customer_id": "C83", "basket": [{"product_id": "P49", "price": 1631}], "date_of_purchase": "2019-01-30 07:49:00"}
{"customer_id": "C97", "basket": [{"product_id": "P13", "price": 1606}, {"product_id": "P21", "price": 387}, {"product_id": "P14", "price": 454}], "date_of_purchase": "2019-01-30 15:03:00"}
{"customer_id": "C98", "basket": [{"product_id": "P30", "price": 1689}, {"product_id": "P30", "price": 640}, {"product_id": "P30", "price": 1436}], "date_of_purchase": "2019-01-30 14:37:00"}
{"customer_id": "C117", "basket": [{"product_id": "P25", "price": 618}, {"product_id": "P30", "price": 1785}], "date_of_purchase": "2019-01-30 12:13:00"}
{"customer_id": "C128", "basket": [{"product_id": "P27", "price": 1701}], "date_of_purchase": "2019-01-30 20:23:00"}
{"customer_id": "C131", "basket": [{"product_id": "P17", "price": 55}], "date_of_purchase": "2019-01-30 17:31:00"}
