{"customer_id": "C1", "basket": [{"product_id": "P31", "price": 644}, {"product_id": "P32", "price": 388}, {"product_id": "P24", "price": 1981}], "date_of_purchase": "2019-02-24 07:04:00"}
{"customer_id": "C11", "basket": [{"product_id": "P52", "price": 688}, {"product_id": "P56", "price": 99}, {"product_id": "P59", "price": 1557}], "date_of_purchase": "2019-02-24 18:50:00"}
{"customer_id": "C13", "basket": [{"product_id": "P57", "price": 1331}, {"product_id": "P47", "price": 886}, {"product_id": "P43", "price": 215}], "date_of_purchase": "2019-02-24 13:42:00"}
{"customer_id": "C24", "basket": [{"product_id": "P39", "price": 1622}, {"product_id": "P38", "price": 1634}, {"product_id": "P40", "price": 174}], "date_of_purchase": "2019-02-24 16:28:00"}
{"customer_id": "C40", "basket": [{"product_id": "P28", "price": 1513}], "date_of_purchase": "2019-02-24 10:00:00"}
{"customer_id": "C42", "basket": [{"product_id": "P25", "price": 733}, {"product_id": "P22", "price": 569}, {"product_id": "P30", "price": 744}], "date_of_purchase": "2019-02-24 08:42:00"}
{"customer_id": "C46", "basket": [{"product_id": "P07", "price": 1888}, {"product_id": "P08", "price": 219}, {"product_id": "P06", "price": 1462}], "date_of_purchase": "2019-02-24 03:46:00"}
{"customer_id": "C52", "basket": [{"product_id": "P18", "price": 1704}, {"product_id": "P20", "price": 1710}], "date_of_purchase": "2019-02-24 08:52:00"}
{"customer_id": "C57", "basket": [{"product_id": "P05", "price": 148}, {"product_id": "P02", "price": 342}], "date_of_purchase": "2019-02-24 20:15:00"}
{"customer_id": "C62", "basket": [{"product_id": "P58", "price": 579}], "date_of_purchase": "2019-02-24 02:59:00"}
{"customer_id": "C64", "basket": [{"product_id": "P56", "price": 1989}, {"product_id": "P51", "price": 1856}, {"product_id": "P42", "price": 1499}], "date_of_purchase": "2019-02-24 17:37:00"}
{"customer_id": "C69", "basket": [{"product_id": "P36", "price": 639}, {"product_id": "P40", "price": 816}], "date_of_purchase": "2019-02-24 20:26:00"}
{"customer_id": "C82", "basket": [{"product_id": "P39", "price": 1357}], "date_of_purchase": "2019-02-24 12:21:00"}
{"customer_id": "C85", "basket": [{"product_id": "P36", "price": 1706}, {"product_id": "P40", "price": 1985}], "date_of_purchase": "2019-02-24 05:18:00"}
{"customer_id": "C91", "basket": [{"product_id": "P50", "price": 601}], "date_of_purchase": "2019-02-24 03:09:00"}
{"customer_id": "C95", "basket": [{"product_id": "P24", "price": 139}, {"product_id": "P34", "price": 1999}], "date_of_purchase": "2019-02-24 22:07:00"}
{"customer_id": "C102", "basket": [{"product_id": "P55", "price": 230}], "date_of_purchase": "2019-02-24 06:30:00"}
{"customer_id": "C113", "basket": [{"product_id": "P40", "price": 62}], "date_of_purchase": "2019-02-24 18:31:00"}
{"customer_id": "C123", "basket": [{"product_id": "P01", "price": 3}, {"product_id": "P02", "price": 630}, {"product_id": "P11", "price": 1492}], "date_of_purchase": "2019-02-24 14:59:00"}
{"customer_id": "C126", "basket": [{"product_id": "P50", "price": 612}], "date_of_purchase": "2019-02-24 15:36:00"}
{"customer_id": "C133", "basket": [{"product_id": "P30", "price": 1005}, {"product_id": "P34", "price": 1975}, {"product_id": "P22", "price": 1507}], "date_of_purchase": "2019-02-24 10:39:00"}
{"customer_id": "C135", "basket": [{"product_id": "P24", "price": 997}, {"product_id": "P33", "price": 1443}, {"product_id": "P28", "price": 653}], "date_of_purchase": "2019-02-24 09:50:00"}
{"customer_id": "C137", "basket": [{"product_id": "P01", "price": 1398}, {"product_id": "P11", "price": 1365}], "date_of_purchase": "2019-02-24 11:27:00"}
