{"customer_id": "C7", "basket": [{"product_id": "P39", "price": 1470}, {"product_id": "P35", "price": 775}], "date_of_purchase": "2019-02-25 06:07:00"}
{"customer_id": "C11", "basket": [{"product_id": "P63", "price": 701}], "date_of_purchase": "2019-02-25 13:36:00"}
{"customer_id": "C23", "basket": [{"product_id": "P50", "price": 1323}, {"product_id": "P54", "price": 1362}], "date_of_purchase": "2019-02-25 09:52:00"}
{"customer_id": "C26", "basket": [{"product_id": "P42", "price": 1779}, {"product_id": "P59", "price": 341}, {"product_id": "P55", "price": 498}], "date_of_purchase": "2019-02-25 16:33:00"}
{"customer_id": "C38", "basket": [{"product_id": "P43", "price": 1584}, {"product_id": "P42", "price": 1124}, {"product_id": "P51", "price": 638}], "date_of_purchase": "2019-02-25 06:35:00"}
{"customer_id": "C40", "basket": [{"product_id": "P44", "price": 864}, {"product_id": "P44", "price": 696}], "date_of_purchase": "2019-02-25 23:02:00"}
{"customer_id": "C45", "basket": [{"product_id": "P45", "price": 1320}, {"product_id": "P56", "price": 681}, {"product_id": "P48", "price": 1865}], "date_of_purchase": "2019-02-25 23:11:00"}
{"customer_id": "C47", "basket": [{"product_id": "P52", "price": 705}, {"product_id": "P45", "price": 1382}, {"product_id": "P59", "price": 86}], "date_of_purchase": "2019-02-25 22:49:00"}
{"customer_id": "C57", "basket": [{"product_id": "P43", "price": 455}, {"product_id": "P60", "price": 985}], "date_of_purchase": "2019-02-25 10:45:00"}
{"customer_id": "C65", "basket": [{"product_id": "P19", "price": 848}, {"product_id": "P14", "price": 104}, {"product_id": "P14", "price": 731}], "date_of_purchase": "2019-02-25 02:55:00"}
{"customer_id": "C68", "basket": [{"product_id": "P46", "price": 994}, {"product_id": "P45", "price": 1741}], "date_of_purchase": "2019-02-25 21:09:00"}
{"customer_id": "C71", "basket": [{"product_id": "P51", "price": 909}, {"product_id": "P45", "price": 1094}], "date_of_purchase": "2019-02-25 23:29:00"}
{"customer_id": "C77", "basket": [{"product_id": "P52", "price": 674}], "date_of_purchase": "2019-02-25 11:32:00"}
{"customer_id": "C80", "basket": [{"product_id": "P30", "price": 1257}, {"product_id": "P25", "price": 1058}], "date_of_purchase": "2019-02-25 08:31:00"}
{"customer_id": "C82", "basket": [{"product_id": "P29", "price": 1952}, {"product_id": "P28", "price": 944}, {"product_id": "P27", "price": 60}], "date_of_purchase": "2019-02-25 14:39:00"}
{"customer_id": "C86", "basket": [{"product_id": "P64", "price": 48}], "date_of_purchase": "2019-02-25 20:54:00"}
{"customer_id": "C88", "basket": [{"product_id": "P35", "price": 349}], "date_of_purchase": "2019-02-25 11:12:00"}
{"customer_id": "C102", "basket": [{"product_id": "P35", "price": 1777}, {"product_id": "P37", "price": 109}], "date_of_purchase": "2019-02-25 22:35:00"}
{"customer_id": "C108", "basket": [{"product_id": "P62", "price": 535}], "date_of_purchase": "2019-02-25 15:23:00"}
{"customer_id": "C112", "basket": [{"product_id": "P29", "price": 1978}], "date_of_purchase": "2019-02-25 05:46:00"}
{"customer_id": "C122", "basket": [{"product_id": "P32", "price": 999}, {"product_id": "P32", "price": 604}], "date_of_purchase": "2019-02-25 08:57:00"}
{"customer_id": "C126", "basket": [{"product_id": "P47", "price": 1906}, {"product_id": "P58", "price": 1006}, {"product_id": "P47", "price": 876}], "date_of_purchase": "2019-02-25 11:22:00"}
{"customer_id": "C135", "basket": [{"product_id": "P27", "price": 57}], "date_of_purchase": "2019-02-25 10:49:00"}
