{"customer_id": "C4", "basket": [{"product_id": "P39", "price": 1306}, {"product_id": "P35", "price": 599}, {"product_id": "P39", "price": 1996}], "date_of_purchase": "2018-12-27 07:22:00"}
{"customer_id": "C8", "basket": [{"product_id": "P30", "price": 1711}], "date_of_purchase": "2018-12-27 16:48:00"}
{"customer_id": "C15", "basket": [{"product_id": "P07", "price": 911}, {"product_id": "P05", "price": 865}], "date_of_purchase": "2018-12-27 18:32:00"}
{"customer_id": "C23", "basket": [{"product_id": "P46", "price": 1769}, {"product_id": "P55", "price": 1860}, {"product_id": "P44", "price": 980}], "date_of_purchase": "2018-12-27 22:03:00"}
{"customer_id": "C40", "basket": [{"product_id": "P10", "price": 1554}, {"product_id": "P06", "price": 1000}, {"product_id": "P04", "price": 1180}], "date_of_purchase": "2018-12-27 17:21:00"}
{"customer_id": "C42", "basket": [{"product_id": "P36", "price": 1306}], "date_of_purchase": "2018-12-27 22:26:00"}
{"customer_id": "C51", "basket": [{"product_id": "P62", "price": 1144}, {"product_id": "P63", "price": 63}, {"product_id": "P63", "price": 514}], "date_of_purchase": "2018-12-27 04:49:00"}
{"customer_id": "C54", "basket": [{"product_id": "P37", "price": 1518}], "date_of_purchase": "2018-12-27 18:48:00"}
{"customer_id": "C56", "basket": [{"product_id": "P13", "price": 400}, {"product_id": "P21", "price": 1245}], "date_of_purchase": "2018-12-27 10:46:00"}
{"customer_id": "C63", "basket": [{"product_id": "P11", "price": 451}, {"product_id": "P05", "price": 1834}], "date_of_purchase": "2018-12-27 19:49:00"}
{"customer_id": "C65", "basket": [{"product_id": "P15", "price": 1279}], "date_of_purchase": "2018-12-27 06:30:00"}
{"customer_id": "C77", "basket": [{"product_id": "P49", "price": 427}, {"product_id": "P56", "price": 1882}, {"product_id": "P43", "price": 1063}], "date_of_purchase": "2018-12-27 20:35:00"}
{"customer_id": "C82", "basket": [{"product_id": "P26", "price": 171}, {"product_id": "P23", "price": 1037}], "date_of_purchase": "2018-12-27 07:16:00"}
{"customer_id": "C89", "basket": [{"product_id": "P45", "price": 1781}, {"product_id": "P55", "price": 1475}], "date_of_purchase": "2018-12-27 19:48:00"}
{"customer_id": "C95", "basket": [{"product_id": "P33", "price": 240}, {"product_id": "P28", "price": 1823}, {"product_id": "P31", "price": 148}], "date_of_purchase": "2018-12-27 17:48:00"}
{"customer_id": "C99", "basket": [{"product_id": "P25", "price": 1147}, {"product_id": "P33", "price": 1705}, {"product_id": "P32", "price": 1501}], "date_of_purchase": "2018-12-27 06:26:00"}
{"customer_id": "C107", "basket": [{"product_id": "P35", "price": 54}, {"product_id": "P37", "price": 926}, {"product_id": "P38", "price": 1581}], "date_of_purchase": "2018-12-27 20:38:00"}
{"customer_id": "C108", "basket": [{"product_id": "P64", "price": 861}, {"product_id": "P62", "price": 1722}], "date_of_purchase": "2018-12-27 20:50:00"}
{"customer_id": "C109", "basket": [{"product_id": "P52", "price": 1676}], "date_of_purchase": "2018-12-27 23:56:00"}
{"customer_id": "C114", "basket": [{"product_id": "P08", "price": 1715}, {"product_id": "P04", "price": 989}, {"product_id": "P02", "price": 1547}], "date_of_purchase": "2018-12-27 08:42:00"}
{"customer_id": "C119", "basket": [{"product_id": "P12", "price": 557}, {"product_id": "P05", "price": 771}], "date_of_purchase": "2018-12-27 09:18:00"}
{"customer_id": "C123", "basket": [{"product_id": "P06", "price": 1697}, {"product_id": "P09", "price": 1037}, {"product_id": "P04", "price": 997}], "date_of_purchase": "2018-12-27 08:48:00"}
{"customer_id": "C125", "basket": [{"product_id": "P64", "price": 1512}, {"product_id": "P62", "price": 1262}], "date_of_purchase": "2018-12-27 08:33:00"}
{"customer_id": "C131", "basket": [{"product_id": "P25", "price": 1867}, {"product_id": "P28", "price": 12}], "date_of_purchase": "2018-12-27 14:28:00"}
{"customer_id": "C135", "basket": [{"product_id": "P27", "price": 1413}, {"product_id": "P34", "price": 1133}], "date_of_purchase": "2018-12-27 20:21:00"}
{"customer_id": "C136", "basket": [{"product_id": "P04", "price": 1506}, {"product_id": "P06", "price": 1432}], "date_of_purchase": "2018-12-27 18:25:00"}
