{"customer_id": "C6", "basket": [{"product_id": "P22", "price": 430}], "date_of_purchase": "2019-01-02 20:06:00"}
{"customer_id": "C8", "basket": [{"product_id": "P26", "price": 1458}, {"product_id": "P26", "price": 767}, {"product_id": "P33", "price": 1967}], "date_of_purchase": "2019-01-02 05:28:00"}
{"customer_id": "C13", "basket": [{"product_id": "P54", "price": 1197}, {"product_id": "P45", "price": 1247}, {"product_id": "P46", "price": 1610}], "date_of_purchase": "2019-01-02 04:01:00"}
{"customer_id": "C18", "basket": [{"product_id": "P32", "price": 802}, {"product_id": "P24", "price": 1860}], "date_of_purchase": "2019-01-02 21:04:00"}
{"customer_id": "C21", "basket": [{"product_id": "P07", "price": 884}], "date_of_purchase": "2019-01-02 21:17:00"}
{"customer_id": "C23", "basket": [{"product_id": "P60", "price": 466}], "date_of_purchase": "2019-01-02 15:43:00"}
{"customer_id": "C32", "basket": [{"product_id": "P62", "price": 559}, {"product_id": "P63", "price": 1297}], "date_of_purchase": "2019-01-02 21:55:00"}
{"customer_id": "C37", "basket": [{"product_id": "P48", "price": 643}, {"product_id": "P53", "price": 1739}, {"product_id": "P54", "price": 243}], "date_of_purchase": "2019-01-02 17:38:00"}
{"customer_id": "C38", "basket": [{"product_id": "P26", "price": 547}], "date_of_purchase": "2019-01-02 23:07:00"}
{"customer_id": "C50", "basket": [{"product_id": "P39", "price": 1537}], "date_of_purchase": "2019-01-02 12:51:00"}
{"customer_id": "C51", "basket": [{"product_id": "P61", "price": 1947}], "date_of_purchase": "2019-01-02 21:02:00"}
{"customer_id": "C56", "basket": [{"product_id": "P11", "price": 462}, {"product_id": "P11", "price": 1652}, {"product_id": "P12", "price": 441}], "date_of_purchase": "2019-01-02 18:10:00"}
{"customer_id": "C64", "basket": [{"product_id": "P08", "price": 851}, {"product_id": "P10", "price": 238}], "date_of_purchase": "2019-01-02 19:53:00"}
{"customer_id": "C67", "basket": [{"product_id": "P40", "price": 1136}], "date_of_purchase": "2019-01-02 12:08:00"}
{"customer_id": "C68", "basket": [{"product_id": "P58", "price": 1867}, {"product_id": "P55", "price": 21}, {"product_id": "P44", "price": 1378}], "date_of_purchase": "2019-01-02 23:36:00"}
{"customer_id": "C70", "basket": [{"product_id": "P37", "price": 883}, {"product_id": "P36", "price": 1393}, {"product_id": "P35", "price": 812}], "date_of_purchase": "2019-01-02 21:28:00"}
{"customer_id": "C71", "basket": [{"product_id": "P07", "price": 1091}], "date_of_purchase": "2019-01-02 13:17:00"}
{"customer_id": "C81", "basket": [{"product_id": "P03", "price": 329}, {"product_id": "P10", "price": 637}], "date_of_purchase": "2019-01-02 20:16:00"}
{"customer_id": "C85", "basket": [{"product_id": "P63", "price": 1875}], "date_of_purchase": "2019-01-02 08:35:00"}
{"customer_id": "C86", "basket": [{"product_id": "P62", "price": 370}, {"product_id": "P62", "price": 501}], "date_of_purchase": "2019-01-02 12:43:00"}
{"customer_id": "C102", "basket": [{"product_id": "P37", "price": 1322}, {"product_id": "P39", "price": 32}, {"product_id": "P36", "price": 1561}], "date_of_purchase": "2019-01-02 03:24:00"}
{"customer_id": "C106", "basket": [{"product_id": "P45", "price": 252}, {"product_id": "P50", "price": 906}], "date_of_purchase": "2019-01-02 22:21:00"}
{"customer_id": "C109", "basket": [{"product_id": "P44", "price": 1738}], "date_of_purchase": "2019-01-02 09:22:00"}
{"customer_id": "C110", "basket": [{"product_id": "P50", "price": 1237}], "date_of_purchase": "2019-01-02 12:02:00"}
{"customer_id": "C117", "basket": [{"product_id": "P11", "price": 56}], "date_of_purchase": "2019-01-02 21:45:00"}
{"customer_id": "C119", "basket": [{"product_id": "P12", "price": 107}], "date_of_purchase": "2019-01-02 09:56:00"}
{"customer_id": "C123", "basket": [{"product_id": "P12", "price": 88}, {"product_id": "P03", "price": 1431}, {"product_id": "P06", "price": 416}], "date_of_purchase": "2019-01-02 23:53:00"}
{"customer_id": "C127", "basket": [{"product_id": "P22", "price": 1081}], "date_of_purchase": "2019-01-02 05:31:00"}
{"customer_id": "C128", "basket": [{"product_id": "P56", "price": 641}, {"product_id": "P57", "price": 1939}], "date_of_purchase": "2019-01-02 21:46:00"}
