{"customer_id": "C3", "basket": [{"product_id": "P64", "price": 652}, {"product_id": "P64", "price": 119}, {"product_id": "P62", "price": 131}], "date_of_purchase": "2019-02-05 19:24:00"}
{"customer_id": "C11", "basket": [{"product_id": "P34", "price": 105}, {"product_id": "P24", "price": 930}, {"product_id": "P27", "price": 1595}], "date_of_purchase": "2019-02-05 12:42:00"}
{"customer_id": "C12", "basket": [{"product_id": "P42", "price": 1913}, {"product_id": "P55", "price": 465}, {"product_id": "P59", "price": 342}], "date_of_purchase": "2019-02-05 19:40:00"}
{"customer_id": "C14", "basket": [{"product_id": "P16", "price": 934}], "date_of_purchase": "2019-02-05 03:03:00"}
{"customer_id": "C29", "basket": [{"product_id": "P41", "price": 1952}], "date_of_purchase": "2019-02-05 23:52:00"}
{"customer_id": "C36", "basket": [{"product_id": "P03", "price": 211}, {"product_id": "P10", "price": 1848}], "date_of_purchase": "2019-02-05 10:54:00"}
{"customer_id": "C39", "basket": [{"product_id": "P64", "price": 257}], "date_of_purchase": "2019-02-05 04:17:00"}
{"customer_id": "C44", "basket": [{"product_id": "P48", "price": 1465}], "date_of_purchase": "2019-02-05 14:09:00"}
{"customer_id": "C49", "basket": [{"product_id": "P54", "price": 633}, {"product_id": "P56", "price": 267}], "date_of_purchase": "2019-02-05 12:56:00"}
{"customer_id": "C53", "basket": [{"product_id": "P26", "price": 1269}, {"product_id": "P33", "price": 1450}, {"product_id": "P23", "price": 385}], "date_of_purchase": "2019-02-05 08:54:00"}
{"customer_id": "C60", "basket": [{"product_id": "P05", "price": 1149}], "date_of_purchase": "2019-02-05 21:36:00"}
{"customer_id": "C61", "basket": [{"product_id": "P26", "price": 152}, {"product_id": "P22", "price": 1301}, {"product_id": "P23", "price": 490}], "date_of_purchase": "2019-02-05 18:46:00"}
{"customer_id": "C70", "basket": [{"product_id": "P36", "price": 975}], "date_of_purchase": "2019-02-05 16:37:00"}
{"customer_id": "C76", "basket": [{"product_id": "P35", "price": 796}, {"product_id": "P38", "price": 1212}], "date_of_purchase": "2019-02-05 12:19:00"}
{"customer_id": "C80", "basket": [{"product_id": "P34", "price": 1474}, {"product_id": "P29", "price": 1321}], "date_of_purchase": "2019-02-05 17:44:00"}
{"customer_id": "C81", "basket": [{"product_id": "P17", "price": 1469}], "date_of_purchase": "2019-02-05 08:48:00"}
{"customer_id": "C82", "basket": [{"product_id": "P04", "price": 155}], "date_of_purchase": "2019-02-05 17:17:00"}
{"customer_id": "C83", "basket": [{"product_id": "P63", "price": 553}, {"product_id": "P61", "price": 707}, {"product_id": "P63", "price": 256}], "date_of_purchase": "2019-02-05 03:23:00"}
{"customer_id": "C86", "basket": [{"product_id": "P63", "price": 1179}], "date_of_purchase": "2019-02-05 14:24:00"}
{"customer_id": "C87", "basket": [{"product_id": "P33", "price": 60}, {"product_id": "P34", "price": 1283}], "date_of_purchase": "2019-02-05 21:34:00"}
{"customer_id": "C96", "basket": [{"product_id": "P35", "price": 1923}, {"product_id": "P38", "price": 396}, {"product_id": "P37", "price": 1282}], "date_of_purchase": "2019-02-05 16:29:00"}
{"customer_id": "C111", "basket": [{"product_id": "P32", "price": 82}, {"product_id": "P34", "price": 295}], "date_of_purchase": "2019-02-05 11:28:00"}
{"customer_id": "C113", "basket": [{"product_id": "P57", "price": 1623}], "date_of_purchase": "2019-02-05 10:28:00"}
{"customer_id": "C118", "basket": [{"product_id": "P40", "price": 718}, {"product_id": "P40", "price": 782}, {"product_id": "P39", "price": 572}], "date_of_purchase": "2019-02-05 22:36:00"}
{"customer_id": "C123", "basket": [{"product_id": "P03", "price": 509}, {"product_id": "P09", "price": 1505}], "date_of_purchase": "2019-02-05 16:30:00"}
