{"customer_id": "C12", "basket": [{"product_id": "P48", "price": 669}, {"product_id": "P52", "price": 342}], "date_of_purchase": "2019-02-10 14:53:00"}
{"customer_id": "C19", "basket": [{"product_id": "P35", "price": 263}, {"product_id": "P40", "price": 1258}, {"product_id": "P38", "price": 946}], "date_of_purchase": "2019-02-10 06:43:00"}
{"customer_id": "C21", "basket": [{"product_id": "P09", "price": 1424}, {"product_id": "P09", "price": 1020}, {"product_id": "P04", "price": 1665}], "date_of_purchase": "2019-02-10 18:56:00"}
{"customer_id": "C27", "basket": [{"product_id": "P42", "price": 1728}], "date_of_purchase": "2019-02-10 08:20:00"}
{"customer_id": "C29", "basket": [{"product_id": "P41", "price": 1480}, {"product_id": "P42", "price": 1579}, {"product_id": "P52", "price": 1759}], "date_of_purchase": "2019-02-10 17:53:00"}
{"customer_id": "C30", "basket": [{"product_id": "P42", "price": 1063}, {"product_id": "P43", "price": 1766}], "date_of_purchase": "2019-02-10 16:02:00"}
{"customer_id": "C36", "basket": [{"product_id": "P22", "price": 635}], "date_of_purchase": "2019-02-10 14:15:00"}
{"customer_id": "C39", "basket": [{"product_id": "P36", "price": 667}, {"product_id": "P38", "price": 265}], "date_of_purchase": "2019-02-10 10:19:00"}
{"customer_id": "C45", "basket": [{"product_id": "P52", "price": 1592}, {"product_id": "P60", "price": 561}], "date_of_purchase": "2019-02-10 10:38:00"}
{"customer_id": "C47", "basket": [{"product_id": "P49", "price": 553}, {"product_id": "P51", "price": 396}, {"product_id": "P55", "price": 1330}], "date_of_purchase": "2019-02-10 09:35:00"}
{"customer_id": "C60", "basket": [{"product_id": "P38", "price": 581}], "date_of_purchase": "2019-02-10 07:02:00"}
{"customer_id": "C65", "basket": [{"product_id": "P17", "price": 1355}], "date_of_purchase": "2019-02-10 20:30:00"}
{"customer_id": "C71", "basket": [{"product_id": "P09", "price": 1938}, {"product_id": "P10", "price": 1579}], "date_of_purchase": "2019-02-10 23:44:00"}
{"customer_id": "C78", "basket": [{"product_id": "P61", "price": 972}, {"product_id": "P62", "price": 206}], "date_of_purchase": "2019-02-10 22:12:00"}
{"customer_id": "C81", "basket": [{"product_id": "P52", "price": 1411}], "date_of_purchase": "2019-02-10 20:36:00"}
{"customer_id": "C84", "basket": [{"product_id": "P31", "price": 152}, {"product_id": "P34", "price": 1555}, {"product_id": "P22", "price": 1547}], "date_of_purchase": "2019-02-10 19:58:00"}
{"customer_id": "C101", "basket": [{"product_id": "P58", "price": 1419}, {"product_id": "P42", "price": 1758}, {"product_id": "P56", "price": 641}], "date_of_purchase": "2019-02-10 05:27:00"}
{"customer_id": "C106", "basket": [{"product_id": "P24", "price": 126}, {"product_id": "P34", "price": 167}], "date_of_purchase": "2019-02-10 04:37:00"}
{"customer_id": "C109", "basket": [{"product_id": "P47", "price": 457}, {"product_id": "P46", "price": 1266}, {"product_id": "P55", "price": 388}], "date_of_purchase": "2019-02-10 23:06:00"}
{"customer_id": "C117", "basket": [{"product_id": "P05", "price": 149}, {"product_id": "P09", "price": 1802}, {"product_id": "P08", "price": 500}], "date_of_purchase": "2019-02-10 16:28:00"}
{"customer_id": "C120", "basket": [{"product_id": "P40", "price": 1896}], "date_of_purchase": "2019-02-10 07:17:00"}
{"customer_id": "C122", "basket": [{"product_id": "P38", "price": 276}, {"product_id": "P39", "price": 1450}], "date_of_purchase": "2019-02-10 14:41:00"}
{"customer_id": "C123", "basket": [{"product_id": "P10", "price": 1166}], "date_of_purchase": "2019-02-10 10:11:00"}
{"customer_id": "C127", "basket": [{"product_id": "P23", "price": 1489}, {"product_id": "P23", "price": 574}], "date_of_purchase": "2019-02-10 10:17:00"}
{"customer_id": "C128", "basket": [{"product_id": "P34", "price": 350}, {"product_id": "P25", "price": 686}], "date_of_purchase": "2019-02-10 09:13:00"}
{"customer_id": "C129", "basket": [{"product_id": "P04", "price": 842}, {"product_id": "P10", "price": 1730}, {"product_id": "P08", "price": 403}], "date_of_purchase": "2019-02-10 06:08:00"}
