{"customer_id": "C6", "basket": [{"product_id": "P34", "price": 338}, {"product_id": "P26", "price": 688}, {"product_id": "P26", "price": 425}], "date_of_purchase": "2019-02-12 18:24:00"}
{"customer_id": "C12", "basket": [{"product_id": "P50", "price": 180}], "date_of_purchase": "2019-02-12 20:52:00"}
{"customer_id": "C20", "basket": [{"product_id": "P16", "price": 349}, {"product_id": "P13", "price": 1826}], "date_of_purchase": "2019-02-12 17:04:00"}
{"customer_id": "C23", "basket": [{"product_id": "P52", "price": 1942}], "date_of_purchase": "2019-02-12 19:05:00"}
{"customer_id": "C28", "basket": [{"product_id": "P22", "price": 1102}, {"product_id": "P22", "price": 1941}], "date_of_purchase": "2019-02-12 06:50:00"}
{"customer_id": "C36", "basket": [{"product_id": "P12", "price": 274}, {"product_id": "P12", "price": 766}], "date_of_purchase": "2019-02-12 17:51:00"}
{"customer_id": "C37", "basket": [{"product_id": "P27", "price": 1586}, {"product_id": "P27", "price": 498}], "date_of_purchase": "2019-02-12 04:10:00"}
{"customer_id": "C50", "basket": [{"product_id": "P05", "price": 1626}], "date_of_purchase": "2019-02-12 09:24:00"}
{"customer_id": "C51", "basket": [{"product_id": "P64", "price": 1296}], "date_of_purchase": "2019-02-12 04:50:00"}
{"customer_id": "C53", "basket": [{"product_id": "P61", "price": 87}, {"product_id": "P61", "price": 1642}, {"product_id": "P61", "price": 1576}], "date_of_purchase": "2019-02-12 02:54:00"}
{"customer_id": "C60", "basket": [{"product_id": "P36", "price": 252}], "date_of_purchase": "2019-02-12 12:25:00"}
{"customer_id": "C70", "basket": [{"product_id": "P64", "price": 377}, {"product_id": "P61", "price": 1129}, {"product_id": "P61", "price": 829}], "date_of_purchase": "2019-02-12 07:22:00"}
{"customer_id": "C72", "basket": [{"product_id": "P12", "price": 1416}, {"product_id": "P07", "price": 899}, {"product_id": "P03", "price": 203}], "date_of_purchase": "2019-02-12 05:01:00"}
{"customer_id": "C76", "basket": [{"product_id": "P22", "price": 944}, {"product_id": "P30", "price": 1116}], "date_of_purchase": "2019-02-12 16:38:00"}
{"customer_id": "C81", "basket": [{"product_id": "P43", "price": 1010}, {"product_id": "P42", "price": 1261}, {"product_id": "P54", "price": 1306}], "date_of_purchase": "2019-02-12 08:33:00"}
{"customer_id": "C89", "basket": [{"product_id": "P33", "price": 1188}, {"product_id": "P28", "price": 890}], "date_of_purchase": "2019-02-12 12:19:00"}
{"customer_id": "C92", "basket": [{"product_id": "P07", "price": 537}, {"product_id": "P11", "price": 1267}, {"product_id": "P07", "price": 349}], "date_of_purchase": "2019-02-12 23:39:00"}
{"customer_id": "C99", "basket": [{"product_id": "P06", "price": 1406}], "date_of_purchase": "2019-02-12 05:54:00"}
{"customer_id": "C104", "basket": [{"product_id": "P63", "price": 1558}, {"product_id": "P63", "price": 596}], "date_of_purchase": "2019-02-12 10:39:00"}
{"customer_id": "C110", "basket": [{"product_id": "P57", "price": 633}, {"product_id": "P42", "price": 748}, {"product_id": "P58", "price": 699}], "date_of_purchase": "2019-02-12 16:52:00"}
{"customer_id": "C123", "basket": [{"product_id": "P03", "price": 1730}, {"product_id": "P01", "price": 1589}, {"product_id": "P07", "price": 96}], "date_of_purchase": "2019-02-12 06:03:00"}
{"customer_id": "C125", "basket": [{"product_id": "P27", "price": 262}, {"product_id": "P24", "price": 1513}, {"product_id": "P29", "price": 1969}], "date_of_purchase": "2019-02-12 20:08:00"}
{"customer_id": "C133", "basket": [{"product_id": "P30", "price": 460}, {"product_id": "P32", "price": 1953}], "date_of_purchase": "2019-02-12 08:43:00"}
{"customer_id": "C135", "basket": [{"product_id": "P26", "price": 514}, {"product_id": "P33", "price": 963}], "date_of_purchase": "2019-02-12 07:23:00"}
{"customer_id": "C137", "basket": [{"product_id": "P02", "price": 1807}], "date_of_purchase": "2019-02-12 08:10:00"}
