{"customer_id": "C6", "basket": [{"product_id": "P02", "price": 302}], "date_of_purchase": "2019-01-31 11:25:00"}
{"customer_id": "C8", "basket": [{"product_id": "P33", "price": 1182}, {"product_id": "P34", "price": 1478}, {"product_id": "P33", "price": 1998}], "date_of_purchase": "2019-01-31 11:58:00"}
{"customer_id": "C9", "basket": [{"product_id": "P35", "price": 409}, {"product_id": "P40", "price": 1124}, {"product_id": "P37", "price": 590}], "date_of_purchase": "2019-01-31 21:38:00"}
{"customer_id": "C10", "basket": [{"product_id": "P35", "price": 1487}, {"product_id": "P38", "price": 5}, {"product_id": "P40", "price": 792}], "date_of_purchase": "2019-01-31 23:56:00"}
{"customer_id": "C12", "basket": [{"product_id": "P58", "price": 230}], "date_of_purchase": "2019-01-31 16:21:00"}
{"customer_id": "C13", "basket": [{"product_id": "P63", "price": 775}, {"product_id": "P62", "price": 1974}, {"product_id": "P62", "price": 322}], "date_of_purchase": "2019-01-31 12:16:00"}
{"customer_id": "C28", "basket": [{"product_id": "P25", "price": 1299}, {"product_id": "P30", "price": 1843}], "date_of_purchase": "2019-01-31 22:30:00"}
{"customer_id": "C29", "basket": [{"product_id": "P50", "price": 990}, {"product_id": "P54", "price": 1479}], "date_of_purchase": "2019-01-31 05:44:00"}
{"customer_id": "C34", "basket": [{"product_id": "P54", "price": 1572}], "date_of_purchase": "2019-01-31 15:07:00"}
{"customer_id": "C42", "basket": [{"product_id": "P51", "price": 1396}, {"product_id": "P52", "price": 557}, {"product_id": "P57", "price": 152}], "date_of_purchase": "2019-01-31 19:19:00"}
{"customer_id": "C49", "basket": [{"product_id": "P58", "price": 1759}, {"product_id": "P41", "price": 1277}], "date_of_purchase": "2019-01-31 08:26:00"}
{"customer_id": "C50", "basket": [{"product_id": "P05", "price": 292}, {"product_id": "P04", "price": 271}], "date_of_purchase": "2019-01-31 21:55:00"}
{"customer_id": "C51", "basket": [{"product_id": "P63", "price": 805}], "date_of_purchase": "2019-01-31 12:05:00"}
{"customer_id": "C56", "basket": [{"product_id": "P06", "price": 1441}, {"product_id": "P02", "price": 1291}, {"product_id": "P08", "price": 1784}], "date_of_purchase": "2019-01-31 11:08:00"}
{"customer_id": "C57", "basket": [{"product_id": "P57", "price": 20}, {"product_id": "P53", "price": 1043}], "date_of_purchase": "2019-01-31 16:55:00"}
{"customer_id": "C60", "basket": [{"product_id": "P08", "price": 1531}, {"product_id": "P11", "price": 550}, {"product_id": "P07", "price": 1487}], "date_of_purchase": "2019-01-31 07:31:00"}
{"customer_id": "C65", "basket": [{"product_id": "P14", "price": 850}], "date_of_purchase": "2019-01-31 06:19:00"}
{"customer_id": "C72", "basket": [{"product_id": "P39", "price": 767}], "date_of_purchase": "2019-01-31 15:30:00"}
{"customer_id": "C77", "basket": [{"product_id": "P39", "price": 663}, {"product_id": "P35", "price": 345}, {"product_id": "P39", "price": 3}], "date_of_purchase": "2019-01-31 06:49:00"}
{"customer_id": "C79", "basket": [{"product_id": "P27", "price": 1331}], "date_of_purchase": "2019-01-31 10:04:00"}
{"customer_id": "C81", "basket": [{"product_id": "P17", "price": 1263}], "date_of_purchase": "2019-01-31 19:40:00"}
{"customer_id": "C83", "basket": [{"product_id": "P23", "price": 1418}, {"product_id": "P34", "price": 1428}], "date_of_purchase": "2019-01-31 16:35:00"}
{"customer_id": "C96", "basket": [{"product_id": "P61", "price": 1250}, {"product_id": "P62", "price": 1136}, {"product_id": "P64", "price": 1065}], "date_of_purchase": "2019-01-31 09:37:00"}
{"customer_id": "C104", "basket": [{"product_id": "P61", "price": 1414}, {"product_id": "P61", "price": 1587}], "date_of_purchase": "2019-01-31 17:37:00"}
{"customer_id": "C108", "basket": [{"product_id": "P49", "price": 1176}, {"product_id": "P57", "price": 601}], "date_of_purchase": "2019-01-31 20:15:00"}
{"customer_id": "C126", "basket": [{"product_id": "P46", "price": 500}, {"product_id": "P53", "price": 1344}, {"product_id": "P54", "price": 45}], "date_of_purchase": "2019-01-31 03:26:00"}
