{"customer_id": "C3", "basket": [{"product_id": "P63", "price": 672}], "date_of_purchase": "2019-01-23 06:04:00"}
{"customer_id": "C6", "basket": [{"product_id": "P13", "price": 559}], "date_of_purchase": "2019-01-23 20:22:00"}
{"customer_id": "C7", "basket": [{"product_id": "P36", "price": 1878}, {"product_id": "P35", "price": 1811}, {"product_id": "P37", "price": 1843}], "date_of_purchase": "2019-01-23 21:00:00"}
{"customer_id": "C13", "basket": [{"product_id": "P46", "price": 844}, {"product_id": "P59", "price": 121}], "date_of_purchase": "2019-01-23 10:28:00"}
{"customer_id": "C19", "basket": [{"product_id": "P31", "price": 1456}, {"product_id": "P28", "price": 776}], "date_of_purchase": "2019-01-23 09:00:00"}
{"customer_id": "C20", "basket": [{"product_id": "P62", "price": 1636}, {"product_id": "P61", "price": 844}, {"product_id": "P61", "price": 38}], "date_of_purchase": "2019-01-23 05:33:00"}
{"customer_id": "C21", "basket": [{"product_id": "P01", "price": 1232}, {"product_id": "P11", "price": 1526}, {"product_id": "P02", "price": 233}], "date_of_purchase": "2019-01-23 03:22:00"}
{"customer_id": "C23", "basket": [{"product_id": "P48", "price": 1339}, {"product_id": "P50", "price": 954}, {"product_id": "P56", "price": 841}], "date_of_purchase": "2019-01-23 06:37:00"}
{"customer_id": "C37", "basket": [{"product_id": "P44", "price": 299}, {"product_id": "P48", "price": 402}], "date_of_purchase": "2019-01-23 21:03:00"}
{"customer_id": "C39", "basket": [{"product_id": "P39", "price": 1863}, {"product_id": "P37", "price": 346}], "date_of_purchase": "2019-01-23 09:42:00"}
{"customer_id": "C48", "basket": [{"product_id": "P64", "price": 616}], "date_of_purchase": "2019-01-23 14:45:00"}
{"customer_id": "C53", "basket": [{"product_id": "P35", "price": 1398}, {"product_id": "P39", "price": 703}, {"product_id": "P39", "price": 1719}], "date_of_purchase": "2019-01-23 02:54:00"}
{"customer_id": "C63", "basket": [{"product_id": "P07", "price": 1180}], "date_of_purchase": "2019-01-23 14:11:00"}
{"customer_id": "C65", "basket": [{"product_id": "P14", "price": 1502}, {"product_id": "P17", "price": 435}], "date_of_purchase": "2019-01-23 04:02:00"}
{"customer_id": "C71", "basket": [{"product_id": "P02", "price": 1783}, {"product_id": "P10", "price": 1452}, {"product_id": "P09", "price": 1620}], "date_of_purchase": "2019-01-23 16:50:00"}
{"customer_id": "C81", "basket": [{"product_id": "P43", "price": 1888}], "date_of_purchase": "2019-01-23 20:44:00"}
{"customer_id": "C83", "basket": [{"product_id": "P33", "price": 618}, {"product_id": "P29", "price": 1990}, {"product_id": "P24", "price": 393}], "date_of_purchase": "2019-01-23 11:27:00"}
{"customer_id": "C90", "basket": [{"product_id": "P36", "price": 292}], "date_of_purchase": "2019-01-23 13:32:00"}
{"customer_id": "C91", "basket": [{"product_id": "P42", "price": 1336}, {"product_id": "P51", "price": 1563}, {"product_id": "P53", "price": 1487}], "date_of_purchase": "2019-01-23 11:29:00"}
{"customer_id": "C92", "basket": [{"product_id": "P04", "price": 1297}, {"product_id": "P03", "price": 1627}], "date_of_purchase": "2019-01-23 11:07:00"}
{"customer_id": "C93", "basket": [{"product_id": "P22", "price": 1429}], "date_of_purchase": "2019-01-23 06:21:00"}
{"customer_id": "C100", "basket": [{"product_id": "P35", "price": 817}, {"product_id": "P36", "price": 234}], "date_of_purchase": "2019-01-23 07:38:00"}
{"customer_id": "C102", "basket": [{"product_id": "P40", "price": 500}, {"product_id": "P40", "price": 1565}], "date_of_purchase": "2019-01-23 20:06:00"}
{"customer_id": "C108", "basket": [{"product_id": "P56", "price": 953}], "date_of_purchase": "2019-01-23 07:49:00"}
{"customer_id": "C109", "basket": [{"product_id": "P02", "price": 176}, {"product_id": "P06", "price": 599}], "date_of_purchase": "2019-01-23 18:32:00"}
{"customer_id": "C113", "basket": [{"product_id": "P37", "price": 1912}], "date_of_purchase": "2019-01-23 09:51:00"}
{"customer_id": "C114", "basket": [{"product_id": "P10", "price": 1000}], "date_of_purchase": "2019-01-23 15:59:00"}
{"customer_id": "C135", "basket": [{"product_id": "P23", "price": 473}, {"product_id": "P22", "price": 1732}, {"product_id": "P29", "price": 1415}], "date_of_purchase": "2019-01-23 16:57:00"}
