{"customer_id": "C5", "basket": [{"product_id": "P62", "price": 195}, {"product_id": "P62", "price": 584}], "date_of_purchase": "2019-02-01 17:37:00"}
{"customer_id": "C6", "basket": [{"product_id": "P14", "price": 1511}], "date_of_purchase": "2019-02-01 12:23:00"}
{"customer_id": "C19", "basket": [{"product_id": "P29", "price": 123}, {"product_id": "P25", "price": 1412}, {"product_id": "P29", "price": 951}], "date_of_purchase": "2019-02-01 19:45:00"}
{"customer_id": "C21", "basket": [{"product_id": "P01", "price": 934}], "date_of_purchase": "2019-02-01 12:54:00"}
{"customer_id": "C32", "basket": [{"product_id": "P37", "price": 979}], "date_of_purchase": "2019-02-01 14:00:00"}
{"customer_id": "C36", "basket": [{"product_id": "P54", "price": 200}, {"product_id": "P52", "price": 918}, {"product_id": "P43", "price": 323}], "date_of_purchase": "2019-02-01 18:35:00"}
{"customer_id": "C39", "basket": [{"product_id": "P38", "price": 1793}, {"product_id": "P40", "price": 494}], "date_of_purchase": "2019-02-01 04:46:00"}
{"customer_id": "C43", "basket": [{"product_id": "P25", "price": 117}, {"product_id": "P26", "price": 961}], "date_of_purchase": "2019-02-01 16:26:00"}
{"customer_id": "C44", "basket": [{"product_id": "P39", "price": 1670}, {"product_id": "P39", "price": 576}, {"product_id": "P40", "price": 1269}], "date_of_purchase": "2019-02-01 11:53:00"}
{"customer_id": "C46", "basket": [{"product_id": "P35", "price": 155}], "date_of_purchase": "2019-02-01 04:10:00"}
{"customer_id": "C54", "basket": [{"product_id": "P39", "price": 487}, {"product_id": "P36", "price": 1106}], "date_of_purchase": "2019-02-01 05:25:00"}
{"customer_id": "C60", "basket": [{"product_id": "P36", "price": 1350}, {"product_id": "P36", "price": 966}, {"product_id": "P40", "price": 1482}], "date_of_purchase": "2019-02-01 05:26:00"}
{"customer_id": "C61", "basket": [{"product_id": "P29", "price": 399}, {"product_id": "P26", "price": 1560}], "date_of_purchase": "2019-02-01 20:50:00"}
{"customer_id": "C62", "basket": [{"product_id": "P52", "price": 1705}, {"product_id": "P57", "price": 1994}, {"product_id": "P58", "price": 752}], "date_of_purchase": "2019-02-01 10:46:00"}
{"customer_id": "C68", "basket": [{"product_id": "P60", "price": 1971}, {"product_id": "P41", "price": 698}], "date_of_purchase": "2019-02-01 19:59:00"}
{"customer_id": "C73", "basket": [{"product_id": "P27", "price": 36}], "date_of_purchase": "2019-02-01 17:15:00"}
{"customer_id": "C74", "basket": [{"product_id": "P26", "price": 1771}, {"product_id": "P32", "price": 495}, {"product_id": "P30", "price": 917}], "date_of_purchase": "2019-02-01 11:16:00"}
{"customer_id": "C77", "basket": [{"product_id": "P51", "price": 1248}], "date_of_purchase": "2019-02-01 19:43:00"}
{"customer_id": "C82", "basket": [{"product_id": "P38", "price": 1074}, {"product_id": "P38", "price": 1944}], "date_of_purchase": "2019-02-01 13:31:00"}
{"customer_id": "C85", "basket": [{"product_id": "P62", "price": 853}], "date_of_purchase": "2019-02-01 03:45:00"}
{"customer_id": "C91", "basket": [{"product_id": "P49", "price": 1841}, {"product_id": "P58", "price": 1646}], "date_of_purchase": "2019-02-01 10:14:00"}
{"customer_id": "C97", "basket": [{"product_id": "P17", "price": 518}, {"product_id": "P13", "price": 843}], "date_of_purchase": "2019-02-01 08:32:00"}
{"customer_id": "C104", "basket": [{"product_id": "P61", "price": 459}, {"product_id": "P61", "price": 1515}, {"product_id": "P64", "price": 123}], "date_of_purchase": "2019-02-01 11:11:00"}
{"customer_id": "C119", "basket": [{"product_id": "P26", "price": 1797}], "date_of_purchase": "2019-02-01 14:53:00"}
{"customer_id": "C120", "basket": [{"product_id": "P01", "price": 340}], "date_of_purchase": "2019-02-01 07:02:00"}
{"customer_id": "C123", "basket": [{"product_id": "P04", "price": 319}, {"product_id": "P05", "price": 955}, {"product_id": "P04", "price": 466}], "date_of_purchase": "2019-02-01 22:22:00"}
{"customer_id": "C129", "basket": [{"product_id": "P25", "price": 609}], "date_of_purchase": "2019-02-01 16:45:00"}
{"customer_id": "C133", "basket": [{"product_id": "P60", "price": 405}, {"product_id": "P57", "price": 1126}], "date_of_purchase": "2019-02-01 14:41:00"}
