{"customer_id": "C3", "basket": [{"product_id": "P61", "price": 1047}, {"product_id": "P63", "price": 1173}, {"product_id": "P61", "price": 229}], "date_of_purchase": "2018-12-07 16:21:00"}
{"customer_id": "C4", "basket": [{"product_id": "P13", "price": 966}, {"product_id": "P16", "price": 808}], "date_of_purchase": "2018-12-07 17:08:00"}
{"customer_id": "C6", "basket": [{"product_id": "P07", "price": 1455}], "date_of_purchase": "2018-12-07 10:16:00"}
{"customer_id": "C7", "basket": [{"product_id": "P37", "price": 407}, {"product_id": "P36", "price": 1855}, {"product_id": "P36", "price": 307}], "date_of_purchase": "2018-12-07 07:37:00"}
{"customer_id": "C9", "basket": [{"product_id": "P38", "price": 459}, {"product_id": "P38", "price": 1060}, {"product_id": "P37", "price": 182}], "date_of_purchase": "2018-12-07 13:58:00"}
{"customer_id": "C12", "basket": [{"product_id": "P43", "price": 1300}, {"product_id": "P41", "price": 526}, {"product_id": "P44", "price": 1771}], "date_of_purchase": "2018-12-07 11:13:00"}
{"customer_id": "C20", "basket": [{"product_id": "P61", "price": 797}], "date_of_purchase": "2018-12-07 22:20:00"}
{"customer_id": "C31", "basket": [{"product_id": "P22", "price": 1389}, {"product_id": "P29", "price": 257}, {"product_id": "P23", "price": 1840}], "date_of_purchase": "2018-12-07 17:31:00"}
{"customer_id": "C53", "basket": [{"product_id": "P39", "price": 361}], "date_of_purchase": "2018-12-07 19:31:00"}
{"customer_id": "C56", "basket": [{"product_id": "P12", "price": 464}], "date_of_purchase": "2018-12-07 15:16:00"}
{"customer_id": "C57", "basket": [{"product_id": "P12", "price": 71}], "date_of_purchase": "2018-12-07 21:39:00"}
{"customer_id": "C63", "basket": [{"product_id": "P36", "price": 1712}, {"product_id": "P36", "price": 1160}], "date_of_purchase": "2018-12-07 21:26:00"}
{"customer_id": "C69", "basket": [{"product_id": "P39", "price": 1899}, {"product_id": "P39", "price": 1462}], "date_of_purchase": "2018-12-07 23:47:00"}
{"customer_id": "C81", "basket": [{"product_id": "P17", "price": 1796}], "date_of_purchase": "2018-12-07 17:23:00"}
{"customer_id": "C82", "basket": [{"product_id": "P02", "price": 974}], "date_of_purchase": "2018-12-07 20:54:00"}
{"customer_id": "C84", "basket": [{"product_id": "P59", "price": 1240}, {"product_id": "P46", "price": 499}], "date_of_purchase": "2018-12-07 13:54:00"}
{"customer_id": "C93", "basket": [{"product_id": "P29", "price": 1127}], "date_of_purchase": "2018-12-07 05:13:00"}
{"customer_id": "C109", "basket": [{"product_id": "P41", "price": 1402}, {"product_id": "P48", "price": 1910}], "date_of_purchase": "2018-12-07 23:46:00"}
{"customer_id": "C125", "basket": [{"product_id": "P28", "price": 624}, {"product_id": "P33", "price": 934}], "date_of_purchase": "2018-12-07 05:05:00"}
{"customer_id": "C131", "basket": [{"product_id": "P34", "price": 1730}, {"product_id": "P26", "price": 1267}, {"product_id": "P30", "price": 1774}], "date_of_purchase": "2018-12-07 21:36:00"}
{"customer_id": "C137", "basket": [{"product_id": "P08", "price": 895}, {"product_id": "P01", "price": 1886}, {"product_id": "P12", "price": 1972}], "date_of_purchase": "2018-12-07 22:38:00"}
