{"customer_id": "C4", "basket": [{"product_id": "P20", "price": 1852}], "date_of_purchase": "2018-12-30 08:16:00"}
{"customer_id": "C9", "basket": [{"product_id": "P35", "price": 743}, {"product_id": "P40", "price": 1370}, {"product_id": "P36", "price": 1549}], "date_of_purchase": "2018-12-30 13:41:00"}
{"customer_id": "C20", "basket": [{"product_id": "P61", "price": 1906}, {"product_id": "P64", "price": 490}, {"product_id": "P64", "price": 1507}], "date_of_purchase": "2018-12-30 23:38:00"}
{"customer_id": "C25", "basket": [{"product_id": "P39", "price": 1046}, {"product_id": "P40", "price": 359}, {"product_id": "P38", "price": 426}], "date_of_purchase": "2018-12-30 04:39:00"}
{"customer_id": "C31", "basket": [{"product_id": "P41", "price": 1439}, {"product_id": "P44", "price": 447}], "date_of_purchase": "2018-12-30 05:27:00"}
{"customer_id": "C42", "basket": [{"product_id": "P49", "price": 1398}], "date_of_purchase": "2018-12-30 07:33:00"}
{"customer_id": "C43", "basket": [{"product_id": "P25", "price": 1121}], "date_of_purchase": "2018-12-30 21:08:00"}
{"customer_id": "C48", "basket": [{"product_id": "P27", "price": 209}], "date_of_purchase": "2018-12-30 10:58:00"}
{"customer_id": "C51", "basket": [{"product_id": "P64", "price": 551}, {"product_id": "P64", "price": 1484}, {"product_id": "P64", "price": 25}], "date_of_purchase": "2018-12-30 07:49:00"}
{"customer_id": "C59", "basket": [{"product_id": "P35", "price": 1853}], "date_of_purchase": "2018-12-30 17:58:00"}
{"customer_id": "C83", "basket": [{"product_id": "P64", "price": 890}], "date_of_purchase": "2018-12-30 07:15:00"}
{"customer_id": "C84", "basket": [{"product_id": "P41", "price": 1500}], "date_of_purchase": "2018-12-30 17:15:00"}
{"customer_id": "C86", "basket": [{"product_id": "P62", "price": 1318}], "date_of_purchase": "2018-12-30 21:33:00"}
{"customer_id": "C91", "basket": [{"product_id": "P35", "price": 1236}], "date_of_purchase": "2018-12-30 11:56:00"}
{"customer_id": "C102", "basket": [{"product_id": "P48", "price": 1784}, {"product_id": "P45", "price": 70}], "date_of_purchase": "2018-12-30 05:26:00"}
{"customer_id": "C108", "basket": [{"product_id": "P62", "price": 759}, {"product_id": "P63", "price": 246}, {"product_id": "P64", "price": 232}], "date_of_purchase": "2018-12-30 11:40:00"}
{"customer_id": "C120", "basket": [{"product_id": "P48", "price": 838}, {"product_id": "P60", "price": 782}, {"product_id": "P42", "price": 1819}], "date_of_purchase": "2018-12-30 13:01:00"}
{"customer_id": "C122", "basket": [{"product_id": "P32", "price": 629}, {"product_id": "P22", "price": 560}], "date_of_purchase": "2018-12-30 16:37:00"}
{"customer_id": "C123", "basket": [{"product_id": "P05", "price": 786}, {"product_id": "P02", "price": 774}, {"product_id": "P08", "price": 1908}], "date_of_purchase": "2018-12-30 02:52:00"}
{"customer_id": "C125", "basket": [{"product_id": "P62", "price": 1480}], "date_of_purchase": "2018-12-30 10:00:00"}
{"customer_id": "C135", "basket": [{"product_id": "P26", "price": 1374}, {"product_id": "P25", "price": 1911}], "date_of_purchase": "2018-12-30 17:24:00"}
