{"customer_id": "C10", "basket": [{"product_id": "P25", "price": 1596}, {"product_id": "P27", "price": 1939}], "date_of_purchase": "2019-01-28 08:01:00"}
{"customer_id": "C22", "basket": [{"product_id": "P61", "price": 220}, {"product_id": "P63", "price": 639}, {"product_id": "P64", "price": 1056}], "date_of_purchase": "2019-01-28 21:37:00"}
{"customer_id": "C26", "basket": [{"product_id": "P60", "price": 1581}], "date_of_purchase": "2019-01-28 03:27:00"}
{"customer_id": "C31", "basket": [{"product_id": "P27", "price": 425}, {"product_id": "P23", "price": 1636}, {"product_id": "P22", "price": 261}], "date_of_purchase": "2019-01-28 09:58:00"}
{"customer_id": "C35", "basket": [{"product_id": "P45", "price": 532}, {"product_id": "P53", "price": 1192}, {"product_id": "P59", "price": 206}], "date_of_purchase": "2019-01-28 18:51:00"}
{"customer_id": "C36", "basket": [{"product_id": "P22", "price": 894}, {"product_id": "P32", "price": 715}], "date_of_purchase": "2019-01-28 15:51:00"}
{"customer_id": "C49", "basket": [{"product_id": "P49", "price": 906}], "date_of_purchase": "2019-01-28 16:59:00"}
{"customer_id": "C55", "basket": [{"product_id": "P30", "price": 782}], "date_of_purchase": "2019-01-28 04:53:00"}
{"customer_id": "C63", "basket": [{"product_id": "P35", "price": 1923}, {"product_id": "P35", "price": 789}, {"product_id": "P36", "price": 315}], "date_of_purchase": "2019-01-28 18:22:00"}
{"customer_id": "C65", "basket": [{"product_id": "P19", "price": 1921}, {"product_id": "P18", "price": 1085}, {"product_id": "P15", "price": 1413}], "date_of_purchase": "2019-01-28 17:05:00"}
{"customer_id": "C70", "basket": [{"product_id": "P35", "price": 349}, {"product_id": "P35", "price": 408}, {"product_id": "P35", "price": 1671}], "date_of_purchase": "2019-01-28 12:08:00"}
{"customer_id": "C78", "basket": [{"product_id": "P61", "price": 630}, {"product_id": "P61", "price": 277}, {"product_id": "P64", "price": 1177}], "date_of_purchase": "2019-01-28 06:45:00"}
{"customer_id": "C80", "basket": [{"product_id": "P39", "price": 608}, {"product_id": "P37", "price": 392}], "date_of_purchase": "2019-01-28 18:39:00"}
{"customer_id": "C91", "basket": [{"product_id": "P45", "price": 259}], "date_of_purchase": "2019-01-28 03:42:00"}
{"customer_id": "C93", "basket": [{"product_id": "P26", "price": 653}, {"product_id": "P23", "price": 1837}, {"product_id": "P31", "price": 840}], "date_of_purchase": "2019-01-28 23:21:00"}
{"customer_id": "C102", "basket": [{"product_id": "P36", "price": 1193}, {"product_id": "P35", "price": 1993}, {"product_id": "P40", "price": 179}], "date_of_purchase": "2019-01-28 21:10:00"}
{"customer_id": "C117", "basket": [{"product_id": "P30", "price": 522}, {"product_id": "P31", "price": 843}], "date_of_purchase": "2019-01-28 10:53:00"}
{"customer_id": "C118", "basket": [{"product_id": "P20", "price": 589}, {"product_id": "P19", "price": 1240}, {"product_id": "P21", "price": 571}], "date_of_purchase": "2019-01-28 10:02:00"}
{"customer_id": "C132", "basket": [{"product_id": "P27", "price": 658}, {"product_id": "P34", "price": 575}], "date_of_purchase": "2019-01-28 14:31:00"}
{"customer_id": "C133", "basket": [{"product_id": "P36", "price": 556}, {"product_id": "P38", "price": 1430}], "date_of_purchase": "2019-01-28 11:27:00"}
