{"customer_id": "C6", "basket": [{"product_id": "P16", "price": 822}, {"product_id": "P21", "price": 415}, {"product_id": "P17", "price": 1266}], "date_of_purchase": "2019-01-19 10:19:00"}
{"customer_id": "C8", "basket": [{"product_id": "P60", "price": 494}, {"product_id": "P44", "price": 240}, {"product_id": "P41", "price": 963}], "date_of_purchase": "2019-01-19 14:34:00"}
{"customer_id": "C12", "basket": [{"product_id": "P57", "price": 1958}], "date_of_purchase": "2019-01-19 11:41:00"}
{"customer_id": "C13", "basket": [{"product_id": "P63", "price": 554}, {"product_id": "P64", "price": 1170}, {"product_id": "P63", "price": 1015}], "date_of_purchase": "2019-01-19 06:54:00"}
{"customer_id": "C14", "basket": [{"product_id": "P61", "price": 1515}], "date_of_purchase": "2019-01-19 20:26:00"}
{"customer_id": "C20", "basket": [{"product_id": "P61", "price": 678}, {"product_id": "P64", "price": 443}, {"product_id": "P61", "price": 380}], "date_of_purchase": "2019-01-19 21:55:00"}
{"customer_id": "C22", "basket": [{"product_id": "P63", "price": 483}], "date_of_purchase": "2019-01-19 15:12:00"}
{"customer_id": "C24", "basket": [{"product_id": "P40", "price": 706}], "date_of_purchase": "2019-01-19 16:55:00"}
{"customer_id": "C25", "basket": [{"product_id": "P39", "price": 1312}, {"product_id": "P39", "price": 463}], "date_of_purchase": "2019-01-19 17:43:00"}
{"customer_id": "C27", "basket": [{"product_id": "P56", "price": 1289}, {"product_id": "P52", "price": 319}, {"product_id": "P55", "price": 1364}], "date_of_purchase": "2019-01-19 21:20:00"}
{"customer_id": "C30", "basket": [{"product_id": "P45", "price": 892}, {"product_id": "P45", "price": 469}], "date_of_purchase": "2019-01-19 21:18:00"}
{"customer_id": "C40", "basket": [{"product_id": "P03", "price": 1028}, {"product_id": "P08", "price": 680}, {"product_id": "P07", "price": 141}], "date_of_purchase": "2019-01-19 15:54:00"}
{"customer_id": "C43", "basket": [{"product_id": "P29", "price": 155}, {"product_id": "P30", "price": 1241}], "date_of_purchase": "2019-01-19 15:38:00"}
{"customer_id": "C50", "basket": [{"product_id": "P03", "price": 1709}], "date_of_purchase": "2019-01-19 16:03:00"}
{"customer_id": "C62", "basket": [{"product_id": "P47", "price": 1817}], "date_of_purchase": "2019-01-19 06:39:00"}
{"customer_id": "C77", "basket": [{"product_id": "P51", "price": 1648}, {"product_id": "P48", "price": 238}], "date_of_purchase": "2019-01-19 19:13:00"}
{"customer_id": "C79", "basket": [{"product_id": "P28", "price": 1514}, {"product_id": "P22", "price": 1656}], "date_of_purchase": "2019-01-19 21:19:00"}
{"customer_id": "C88", "basket": [{"product_id": "P35", "price": 1138}, {"product_id": "P37", "price": 1552}, {"product_id": "P37", "price": 1348}], "date_of_purchase": "2019-01-19 12:29:00"}
{"customer_id": "C92", "basket": [{"product_id": "P01", "price": 1086}], "date_of_purchase": "2019-01-19 20:46:00"}
{"customer_id": "C93", "basket": [{"product_id": "P34", "price": 1980}], "date_of_purchase": "2019-01-19 19:10:00"}
{"customer_id": "C96", "basket": [{"product_id": "P63", "price": 1479}, {"product_id": "P62", "price": 1994}], "date_of_purchase": "2019-01-19 11:38:00"}
{"customer_id": "C98", "basket": [{"product_id": "P27", "price": 1016}, {"product_id": "P26", "price": 1428}], "date_of_purchase": "2019-01-19 11:01:00"}
{"customer_id": "C103", "basket": [{"product_id": "P15", "price": 957}, {"product_id": "P14", "price": 950}], "date_of_purchase": "2019-01-19 15:55:00"}
{"customer_id": "C105", "basket": [{"product_id": "P61", "price": 537}, {"product_id": "P61", "price": 1466}], "date_of_purchase": "2019-01-19 12:07:00"}
{"customer_id": "C106", "basket": [{"product_id": "P53", "price": 515}, {"product_id": "P60", "price": 1707}, {"product_id": "P52", "price": 1100}], "date_of_purchase": "2019-01-19 13:32:00"}
{"customer_id": "C118", "basket": [{"product_id": "P30", "price": 1288}, {"product_id": "P29", "price": 922}, {"product_id": "P22", "price": 1386}], "date_of_purchase": "2019-01-19 18:26:00"}
{"customer_id": "C125", "basket": [{"product_id": "P64", "price": 341}, {"product_id": "P62", "price": 833}, {"product_id": "P62", "price": 1816}], "date_of_purchase": "2019-01-19 17:29:00"}
