{"customer_id": "C1", "basket": [{"product_id": "P23", "price": 975}], "date_of_purchase": "2019-01-08 16:48:00"}
{"customer_id": "C22", "basket": [{"product_id": "P61", "price": 1678}, {"product_id": "P61", "price": 1144}, {"product_id": "P61", "price": 568}], "date_of_purchase": "2019-01-08 07:47:00"}
{"customer_id": "C26", "basket": [{"product_id": "P49", "price": 90}, {"product_id": "P41", "price": 220}], "date_of_purchase": "2019-01-08 09:17:00"}
{"customer_id": "C30", "basket": [{"product_id": "P45", "price": 492}, {"product_id": "P56", "price": 155}, {"product_id": "P51", "price": 1462}], "date_of_purchase": "2019-01-08 22:03:00"}
{"customer_id": "C41", "basket": [{"product_id": "P48", "price": 1982}], "date_of_purchase": "2019-01-08 02:57:00"}
{"customer_id": "C42", "basket": [{"product_id": "P49", "price": 1500}, {"product_id": "P45", "price": 1689}], "date_of_purchase": "2019-01-08 12:23:00"}
{"customer_id": "C44", "basket": [{"product_id": "P36", "price": 1694}, {"product_id": "P35", "price": 1313}], "date_of_purchase": "2019-01-08 05:54:00"}
{"customer_id": "C54", "basket": [{"product_id": "P37", "price": 681}, {"product_id": "P38", "price": 65}], "date_of_purchase": "2019-01-08 08:45:00"}
{"customer_id": "C56", "basket": [{"product_id": "P12", "price": 1093}], "date_of_purchase": "2019-01-08 07:54:00"}
{"customer_id": "C57", "basket": [{"product_id": "P52", "price": 1091}], "date_of_purchase": "2019-01-08 06:25:00"}
{"customer_id": "C58", "basket": [{"product_id": "P63", "price": 1411}, {"product_id": "P63", "price": 1992}], "date_of_purchase": "2019-01-08 20:03:00"}
{"customer_id": "C66", "basket": [{"product_id": "P61", "price": 1178}], "date_of_purchase": "2019-01-08 12:28:00"}
{"customer_id": "C70", "basket": [{"product_id": "P02", "price": 1496}, {"product_id": "P11", "price": 963}, {"product_id": "P09", "price": 195}], "date_of_purchase": "2019-01-08 12:51:00"}
{"customer_id": "C71", "basket": [{"product_id": "P58", "price": 1862}, {"product_id": "P47", "price": 684}], "date_of_purchase": "2019-01-08 15:38:00"}
{"customer_id": "C72", "basket": [{"product_id": "P62", "price": 541}, {"product_id": "P62", "price": 742}], "date_of_purchase": "2019-01-08 17:18:00"}
{"customer_id": "C78", "basket": [{"product_id": "P63", "price": 385}, {"product_id": "P61", "price": 1490}, {"product_id": "P64", "price": 678}], "date_of_purchase": "2019-01-08 13:30:00"}
{"customer_id": "C82", "basket": [{"product_id": "P40", "price": 1619}, {"product_id": "P36", "price": 971}], "date_of_purchase": "2019-01-08 12:13:00"}
{"customer_id": "C86", "basket": [{"product_id": "P64", "price": 369}, {"product_id": "P61", "price": 518}, {"product_id": "P63", "price": 390}], "date_of_purchase": "2019-01-08 07:57:00"}
{"customer_id": "C89", "basket": [{"product_id": "P22", "price": 689}, {"product_id": "P24", "price": 246}], "date_of_purchase": "2019-01-08 04:00:00"}
{"customer_id": "C90", "basket": [{"product_id": "P57", "price": 1687}], "date_of_purchase": "2019-01-08 12:26:00"}
{"customer_id": "C101", "basket": [{"product_id": "P31", "price": 305}, {"product_id": "P34", "price": 852}], "date_of_purchase": "2019-01-08 12:05:00"}
{"customer_id": "C108", "basket": [{"product_id": "P57", "price": 1625}, {"product_id": "P57", "price": 679}], "date_of_purchase": "2019-01-08 07:18:00"}
{"customer_id": "C109", "basket": [{"product_id": "P02", "price": 1004}, {"product_id": "P05", "price": 147}], "date_of_purchase": "2019-01-08 20:24:00"}
{"customer_id": "C114", "basket": [{"product_id": "P04", "price": 108}, {"product_id": "P11", "price": 406}], "date_of_purchase": "2019-01-08 06:21:00"}
{"customer_id": "C119", "basket": [{"product_id": "P12", "price": 1779}], "date_of_purchase": "2019-01-08 19:07:00"}
{"customer_id": "C127", "basket": [{"product_id": "P31", "price": 929}], "date_of_purchase": "2019-01-08 17:39:00"}
{"customer_id": "C129", "basket": [{"product_id": "P29", "price": 1281}], "date_of_purchase": "2019-01-08 15:24:00"}
{"customer_id": "C131", "basket": [{"product_id": "P15", "price": 1287}], "date_of_purchase": "2019-01-08 21:45:00"}
