{"customer_id": "C1", "basket": [{"product_id": "P40", "price": 1455}, {"product_id": "P39", "price": 162}, {"product_id": "P36", "price": 1194}], "date_of_purchase": "2018-12-16 17:32:00"}
{"customer_id": "C7", "basket": [{"product_id": "P36", "price": 1059}], "date_of_purchase": "2018-12-16 15:13:00"}
{"customer_id": "C8", "basket": [{"product_id": "P27", "price": 130}, {"product_id": "P28", "price": 931}, {"product_id": "P30", "price": 696}], "date_of_purchase": "2018-12-16 15:33:00"}
{"customer_id": "C10", "basket": [{"product_id": "P28", "price": 2}], "date_of_purchase": "2018-12-16 12:13:00"}
{"customer_id": "C11", "basket": [{"product_id": "P49", "price": 938}], "date_of_purchase": "2018-12-16 19:20:00"}
{"customer_id": "C14", "basket": [{"product_id": "P63", "price": 749}, {"product_id": "P63", "price": 129}, {"product_id": "P62", "price": 63}], "date_of_purchase": "2018-12-16 05:43:00"}
{"customer_id": "C31", "basket": [{"product_id": "P40", "price": 814}, {"product_id": "P39", "price": 435}, {"product_id": "P35", "price": 1055}], "date_of_purchase": "2018-12-16 17:05:00"}
{"customer_id": "C33", "basket": [{"product_id": "P35", "price": 173}], "date_of_purchase": "2018-12-16 17:29:00"}
{"customer_id": "C36", "basket": [{"product_id": "P38", "price": 227}, {"product_id": "P40", "price": 791}], "date_of_purchase": "2018-12-16 20:55:00"}
{"customer_id": "C42", "basket": [{"product_id": "P35", "price": 958}, {"product_id": "P38", "price": 1513}, {"product_id": "P36", "price": 845}], "date_of_purchase": "2018-12-16 20:29:00"}
{"customer_id": "C43", "basket": [{"product_id": "P30", "price": 199}, {"product_id": "P23", "price": 558}, {"product_id": "P26", "price": 634}], "date_of_purchase": "2018-12-16 03:35:00"}
{"customer_id": "C48", "basket": [{"product_id": "P63", "price": 480}, {"product_id": "P63", "price": 605}, {"product_id": "P61", "price": 127}], "date_of_purchase": "2018-12-16 09:03:00"}
{"customer_id": "C52", "basket": [{"product_id": "P64", "price": 98}, {"product_id": "P64", "price": 427}, {"product_id": "P63", "price": 1009}], "date_of_purchase": "2018-12-16 03:27:00"}
{"customer_id": "C56", "basket": [{"product_id": "P16", "price": 957}], "date_of_purchase": "2018-12-16 10:14:00"}
{"customer_id": "C57", "basket": [{"product_id": "P41", "price": 1087}, {"product_id": "P49", "price": 669}], "date_of_purchase": "2018-12-16 21:52:00"}
{"customer_id": "C65", "basket": [{"product_id": "P20", "price": 1227}, {"product_id": "P19", "price": 543}], "date_of_purchase": "2018-12-16 10:46:00"}
{"customer_id": "C66", "basket": [{"product_id": "P23", "price": 1167}, {"product_id": "P25", "price": 1669}], "date_of_purchase": "2018-12-16 22:44:00"}
{"customer_id": "C68", "basket": [{"product_id": "P56", "price": 987}, {"product_id": "P51", "price": 1625}], "date_of_purchase": "2018-12-16 10:31:00"}
{"customer_id": "C70", "basket": [{"product_id": "P05", "price": 1043}], "date_of_purchase": "2018-12-16 20:48:00"}
{"customer_id": "C71", "basket": [{"product_id": "P10", "price": 1931}, {"product_id": "P08", "price": 1844}], "date_of_purchase": "2018-12-16 06:50:00"}
{"customer_id": "C72", "basket": [{"product_id": "P38", "price": 1723}, {"product_id": "P39", "price": 828}, {"product_id": "P35", "price": 1112}], "date_of_purchase": "2018-12-16 13:55:00"}
{"customer_id": "C79", "basket": [{"product_id": "P32", "price": 427}, {"product_id": "P30", "price": 1836}, {"product_id": "P30", "price": 1127}], "date_of_purchase": "2018-12-16 16:46:00"}
{"customer_id": "C81", "basket": [{"product_id": "P42", "price": 109}, {"product_id": "P54", "price": 482}], "date_of_purchase": "2018-12-16 03:54:00"}
{"customer_id": "C82", "basket": [{"product_id": "P23", "price": 1182}], "date_of_purchase": "2018-12-16 09:24:00"}
{"customer_id": "C83", "basket": [{"product_id": "P25", "price": 1540}, {"product_id": "P30", "price": 869}, {"product_id": "P31", "price": 1238}], "date_of_purchase": "2018-12-16 13:18:00"}
{"customer_id": "C91", "basket": [{"product_id": "P38", "price": 950}], "date_of_purchase": "2018-12-16 21:51:00"}
{"customer_id": "C104", "basket": [{"product_id": "P61", "price": 1824}, {"product_id": "P63", "price": 1653}], "date_of_purchase": "2018-12-16 22:36:00"}
{"customer_id": "C105", "basket": [{"product_id": "P26", "price": 168}, {"product_id": "P27", "price": 1925}, {"product_id": "P22", "price": 795}], "date_of_purchase": "2018-12-16 17:17:00"}
{"customer_id": "C125", "basket": [{"product_id": "P31", "price": 1992}, {"product_id": "P28", "price": 1737}, {"product_id": "P28", "price": 1782}], "date_of_purchase": "2018-12-16 13:21:00"}
{"customer_id": "C128", "basket": [{"product_id": "P06", "price": 911}, {"product_id": "P09", "price": 27}, {"product_id": "P04", "price": 443}], "date_of_purchase": "2018-12-16 11:40:00"}
{"customer_id": "C133", "basket": [{"product_id": "P59", "price": 1968}, {"product_id": "P50", "price": 908}, {"product_id": "P45", "price": 389}], "date_of_purchase": "2018-12-16 06:03:00"}
{"customer_id": "C134", "basket": [{"product_id": "P35", "price": 353}, {"product_id": "P37", "price": 1914}], "date_of_purchase": "2018-12-16 14:10:00"}
