{"customer_id": "C5", "basket": [{"product_id": "P37", "price": 1583}, {"product_id": "P38", "price": 1563}], "date_of_purchase": "2018-12-13 12:19:00"}
{"customer_id": "C6", "basket": [{"product_id": "P38", "price": 1168}], "date_of_purchase": "2018-12-13 13:46:00"}
{"customer_id": "C7", "basket": [{"product_id": "P37", "price": 229}, {"product_id": "P37", "price": 1941}], "date_of_purchase": "2018-12-13 21:39:00"}
{"customer_id": "C25", "basket": [{"product_id": "P40", "price": 1366}, {"product_id": "P37", "price": 920}, {"product_id": "P39", "price": 1345}], "date_of_purchase": "2018-12-13 05:23:00"}
{"customer_id": "C29", "basket": [{"product_id": "P48", "price": 246}, {"product_id": "P48", "price": 692}], "date_of_purchase": "2018-12-13 15:51:00"}
{"customer_id": "C38", "basket": [{"product_id": "P33", "price": 1976}, {"product_id": "P29", "price": 350}, {"product_id": "P29", "price": 967}], "date_of_purchase": "2018-12-13 18:10:00"}
{"customer_id": "C40", "basket": [{"product_id": "P02", "price": 786}, {"product_id": "P11", "price": 1346}], "date_of_purchase": "2018-12-13 16:54:00"}
{"customer_id": "C42", "basket": [{"product_id": "P41", "price": 116}, {"product_id": "P48", "price": 111}], "date_of_purchase": "2018-12-13 15:19:00"}
{"customer_id": "C50", "basket": [{"product_id": "P39", "price": 1141}], "date_of_purchase": "2018-12-13 19:51:00"}
{"customer_id": "C56", "basket": [{"product_id": "P20", "price": 1646}], "date_of_purchase": "2018-12-13 17:24:00"}
{"customer_id": "C69", "basket": [{"product_id": "P39", "price": 893}, {"product_id": "P36", "price": 1615}], "date_of_purchase": "2018-12-13 07:35:00"}
{"customer_id": "C71", "basket": [{"product_id": "P49", "price": 1274}], "date_of_purchase": "2018-12-13 21:20:00"}
{"customer_id": "C76", "basket": [{"product_id": "P36", "price": 39}, {"product_id": "P36", "price": 163}, {"product_id": "P37", "price": 1785}], "date_of_purchase": "2018-12-13 13:08:00"}
{"customer_id": "C78", "basket": [{"product_id": "P53", "price": 711}, {"product_id": "P41", "price": 3}, {"product_id": "P42", "price": 648}], "date_of_purchase": "2018-12-13 07:15:00"}
{"customer_id": "C79", "basket": [{"product_id": "P27", "price": 630}], "date_of_purchase": "2018-12-13 09:59:00"}
{"customer_id": "C91", "basket": [{"product_id": "P63", "price": 1174}, {"product_id": "P63", "price": 615}], "date_of_purchase": "2018-12-13 02:55:00"}
{"customer_id": "C93", "basket": [{"product_id": "P33", "price": 494}], "date_of_purchase": "2018-12-13 07:20:00"}
{"customer_id": "C100", "basket": [{"product_id": "P63", "price": 1164}], "date_of_purchase": "2018-12-13 09:46:00"}
{"customer_id": "C110", "basket": [{"product_id": "P44", "price": 279}, {"product_id": "P57", "price": 578}], "date_of_purchase": "2018-12-13 13:07:00"}
{"customer_id": "C114", "basket": [{"product_id": "P64", "price": 1715}, {"product_id": "P63", "price": 458}, {"product_id": "P64", "price": 321}], "date_of_purchase": "2018-12-13 10:36:00"}
{"customer_id": "C118", "basket": [{"product_id": "P31", "price": 1445}, {"product_id": "P29", "price": 1723}], "date_of_purchase": "2018-12-13 05:14:00"}
{"customer_id": "C123", "basket": [{"product_id": "P04", "price": 96}, {"product_id": "P06", "price": 1082}, {"product_id": "P07", "price": 855}], "date_of_purchase": "2018-12-13 15:44:00"}
{"customer_id": "C128", "basket": [{"product_id": "P60", "price": 142}], "date_of_purchase": "2018-12-13 05:53:00"}
{"customer_id": "C130", "basket": [{"product_id": "P61", "price": 832}], "date_of_purchase": "2018-12-13 17:27:00"}
{"customer_id": "C135", "basket": [{"product_id": "P27", "price": 391}], "date_of_purchase": "2018-12-13 21:21:00"}
