{"customer_id": "C1", "basket": [{"product_id": "P25", "price": 1877}], "date_of_purchase": "2018-12-23 04:04:00"}
{"customer_id": "C19", "basket": [{"product_id": "P08", "price": 1467}, {"product_id": "P12", "price": 1855}, {"product_id": "P11", "price": 1770}], "date_of_purchase": "2018-12-23 19:51:00"}
{"customer_id": "C25", "basket": [{"product_id": "P02", "price": 858}], "date_of_purchase": "2018-12-23 16:10:00"}
{"customer_id": "C32", "basket": [{"product_id": "P38", "price": 32}, {"product_id": "P39", "price": 1859}], "date_of_purchase": "2018-12-23 16:20:00"}
{"customer_id": "C35", "basket": [{"product_id": "P40", "price": 1822}], "date_of_purchase": "2018-12-23 14:17:00"}
{"customer_id": "C43", "basket": [{"product_id": "P28", "price": 640}, {"product_id": "P29", "price": 1770}, {"product_id": "P32", "price": 1603}], "date_of_purchase": "2018-12-23 22:27:00"}
{"customer_id": "C47", "basket": [{"product_id": "P58", "price": 1758}], "date_of_purchase": "2018-12-23 03:28:00"}
{"customer_id": "C57", "basket": [{"product_id": "P08", "price": 1099}, {"product_id": "P02", "price": 1879}], "date_of_purchase": "2018-12-23 13:14:00"}
{"customer_id": "C63", "basket": [{"product_id": "P08", "price": 1947}, {"product_id": "P08", "price": 357}, {"product_id": "P02", "price": 783}], "date_of_purchase": "2018-12-23 21:45:00"}
{"customer_id": "C65", "basket": [{"product_id": "P21", "price": 1956}], "date_of_purchase": "2018-12-23 13:48:00"}
{"customer_id": "C70", "basket": [{"product_id": "P39", "price": 1823}, {"product_id": "P40", "price": 1036}, {"product_id": "P38", "price": 703}], "date_of_purchase": "2018-12-23 15:03:00"}
{"customer_id": "C99", "basket": [{"product_id": "P38", "price": 665}], "date_of_purchase": "2018-12-23 04:36:00"}
{"customer_id": "C102", "basket": [{"product_id": "P39", "price": 1306}, {"product_id": "P39", "price": 1949}], "date_of_purchase": "2018-12-23 19:47:00"}
{"customer_id": "C110", "basket": [{"product_id": "P55", "price": 1748}], "date_of_purchase": "2018-12-23 20:03:00"}
{"customer_id": "C111", "basket": [{"product_id": "P32", "price": 427}, {"product_id": "P25", "price": 1215}, {"product_id": "P33", "price": 1574}], "date_of_purchase": "2018-12-23 12:39:00"}
{"customer_id": "C114", "basket": [{"product_id": "P49", "price": 1774}, {"product_id": "P42", "price": 1905}, {"product_id": "P49", "price": 1050}], "date_of_purchase": "2018-12-23 06:09:00"}
{"customer_id": "C120", "basket": [{"product_id": "P56", "price": 1361}], "date_of_purchase": "2018-12-23 05:26:00"}
{"customer_id": "C122", "basket": [{"product_id": "P26", "price": 677}, {"product_id": "P22", "price": 340}], "date_of_purchase": "2018-12-23 13:13:00"}
{"customer_id": "C129", "basket": [{"product_id": "P24", "price": 1969}, {"product_id": "P30", "price": 952}, {"product_id": "P32", "price": 1629}], "date_of_purchase": "2018-12-23 07:02:00"}
{"customer_id": "C130", "basket": [{"product_id": "P38", "price": 1583}], "date_of_purchase": "2018-12-23 14:20:00"}
{"customer_id": "C131", "basket": [{"product_id": "P58", "price": 1025}, {"product_id": "P44", "price": 915}], "date_of_purchase": "2018-12-23 22:30:00"}
{"customer_id": "C135", "basket": [{"product_id": "P25", "price": 1436}, {"product_id": "P34", "price": 661}], "date_of_purchase": "2018-12-23 12:38:00"}
{"customer_id": "C136", "basket": [{"product_id": "P03", "price": 1612}, {"product_id": "P06", "price": 1474}, {"product_id": "P11", "price": 1119}], "date_of_purchase": "2018-12-23 10:35:00"}
