{"customer_id": "C4", "basket": [{"product_id": "P39", "price": 344}, {"product_id": "P36", "price": 181}], "date_of_purchase": "2018-12-17 17:58:00"}
{"customer_id": "C9", "basket": [{"product_id": "P38", "price": 22}, {"product_id": "P38", "price": 1825}, {"product_id": "P36", "price": 1876}], "date_of_purchase": "2018-12-17 12:30:00"}
{"customer_id": "C12", "basket": [{"product_id": "P45", "price": 1035}, {"product_id": "P60", "price": 680}, {"product_id": "P47", "price": 872}], "date_of_purchase": "2018-12-17 07:31:00"}
{"customer_id": "C13", "basket": [{"product_id": "P63", "price": 36}], "date_of_purchase": "2018-12-17 23:21:00"}
{"customer_id": "C14", "basket": [{"product_id": "P44", "price": 250}, {"product_id": "P49", "price": 869}, {"product_id": "P53", "price": 1314}], "date_of_purchase": "2018-12-17 21:11:00"}
{"customer_id": "C16", "basket": [{"product_id": "P36", "price": 1337}, {"product_id": "P39", "price": 924}, {"product_id": "P40", "price": 1491}], "date_of_purchase": "2018-12-17 21:00:00"}
{"customer_id": "C17", "basket": [{"product_id": "P07", "price": 1192}, {"product_id": "P08", "price": 246}, {"product_id": "P02", "price": 142}], "date_of_purchase": "2018-12-17 22:48:00"}
{"customer_id": "C22", "basket": [{"product_id": "P62", "price": 165}, {"product_id": "P62", "price": 654}, {"product_id": "P64", "price": 712}], "date_of_purchase": "2018-12-17 05:13:00"}
{"customer_id": "C27", "basket": [{"product_id": "P41", "price": 1142}, {"product_id": "P50", "price": 344}, {"product_id": "P48", "price": 22}], "date_of_purchase": "2018-12-17 20:37:00"}
{"customer_id": "C31", "basket": [{"product_id": "P28", "price": 538}, {"product_id": "P30", "price": 1846}, {"product_id": "P30", "price": 542}], "date_of_purchase": "2018-12-17 17:20:00"}
{"customer_id": "C34", "basket": [{"product_id": "P54", "price": 961}, {"product_id": "P50", "price": 1964}, {"product_id": "P48", "price": 635}], "date_of_purchase": "2018-12-17 21:04:00"}
{"customer_id": "C37", "basket": [{"product_id": "P50", "price": 869}, {"product_id": "P58", "price": 1210}], "date_of_purchase": "2018-12-17 07:52:00"}
{"customer_id": "C40", "basket": [{"product_id": "P55", "price": 626}, {"product_id": "P47", "price": 1831}], "date_of_purchase": "2018-12-17 05:07:00"}
{"customer_id": "C46", "basket": [{"product_id": "P06", "price": 863}, {"product_id": "P06", "price": 891}], "date_of_purchase": "2018-12-17 15:34:00"}
{"customer_id": "C49", "basket": [{"product_id": "P56", "price": 692}, {"product_id": "P53", "price": 1511}], "date_of_purchase": "2018-12-17 13:20:00"}
{"customer_id": "C73", "basket": [{"product_id": "P09", "price": 106}, {"product_id": "P06", "price": 1436}], "date_of_purchase": "2018-12-17 17:43:00"}
{"customer_id": "C107", "basket": [{"product_id": "P39", "price": 1765}, {"product_id": "P40", "price": 1898}, {"product_id": "P38", "price": 610}], "date_of_purchase": "2018-12-17 13:00:00"}
{"customer_id": "C109", "basket": [{"product_id": "P01", "price": 525}, {"product_id": "P10", "price": 1628}, {"product_id": "P09", "price": 678}], "date_of_purchase": "2018-12-17 20:02:00"}
{"customer_id": "C110", "basket": [{"product_id": "P51", "price": 1052}], "date_of_purchase": "2018-12-17 09:57:00"}
{"customer_id": "C119", "basket": [{"product_id": "P35", "price": 318}, {"product_id": "P40", "price": 25}, {"product_id": "P37", "price": 1908}], "date_of_purchase": "2018-12-17 11:09:00"}
{"customer_id": "C131", "basket": [{"product_id": "P53", "price": 381}], "date_of_purchase": "2018-12-17 15:45:00"}
{"customer_id": "C132", "basket": [{"product_id": "P31", "price": 148}], "date_of_purchase": "2018-12-17 21:01:00"}
{"customer_id": "C135", "basket": [{"product_id": "P25", "price": 1347}], "date_of_purchase": "2018-12-17 07:55:00"}
