{"customer_id": "C1", "basket": [{"product_id": "P11", "price": 848}], "date_of_purchase": "2019-02-14 14:10:00"}
{"customer_id": "C3", "basket": [{"product_id": "P37", "price": 226}, {"product_id": "P35", "price": 627}], "date_of_purchase": "2019-02-14 17:35:00"}
{"customer_id": "C8", "basket": [{"product_id": "P53", "price": 292}, {"product_id": "P51", "price": 1428}], "date_of_purchase": "2019-02-14 18:19:00"}
{"customer_id": "C11", "basket": [{"product_id": "P37", "price": 606}, {"product_id": "P37", "price": 1021}], "date_of_purchase": "2019-02-14 14:12:00"}
{"customer_id": "C14", "basket": [{"product_id": "P62", "price": 242}], "date_of_purchase": "2019-02-14 09:39:00"}
{"customer_id": "C23", "basket": [{"product_id": "P54", "price": 1787}], "date_of_purchase": "2019-02-14 12:29:00"}
{"customer_id": "C24", "basket": [{"product_id": "P35", "price": 467}, {"product_id": "P39", "price": 1799}], "date_of_purchase": "2019-02-14 19:56:00"}
{"customer_id": "C41", "basket": [{"product_id": "P61", "price": 299}, {"product_id": "P62", "price": 179}], "date_of_purchase": "2019-02-14 06:22:00"}
{"customer_id": "C42", "basket": [{"product_id": "P54", "price": 887}, {"product_id": "P47", "price": 1559}], "date_of_purchase": "2019-02-14 21:22:00"}
{"customer_id": "C48", "basket": [{"product_id": "P62", "price": 1465}, {"product_id": "P62", "price": 1229}, {"product_id": "P62", "price": 1375}], "date_of_purchase": "2019-02-14 15:02:00"}
{"customer_id": "C52", "basket": [{"product_id": "P38", "price": 748}, {"product_id": "P37", "price": 176}, {"product_id": "P40", "price": 1045}], "date_of_purchase": "2019-02-14 09:09:00"}
{"customer_id": "C53", "basket": [{"product_id": "P37", "price": 213}, {"product_id": "P37", "price": 207}], "date_of_purchase": "2019-02-14 13:47:00"}
{"customer_id": "C65", "basket": [{"product_id": "P18", "price": 1032}, {"product_id": "P17", "price": 1324}, {"product_id": "P14", "price": 1533}], "date_of_purchase": "2019-02-14 23:04:00"}
{"customer_id": "C67", "basket": [{"product_id": "P40", "price": 727}, {"product_id": "P39", "price": 1969}, {"product_id": "P36", "price": 1276}], "date_of_purchase": "2019-02-14 09:06:00"}
{"customer_id": "C68", "basket": [{"product_id": "P57", "price": 1838}], "date_of_purchase": "2019-02-14 04:41:00"}
{"customer_id": "C69", "basket": [{"product_id": "P39", "price": 305}, {"product_id": "P36", "price": 701}], "date_of_purchase": "2019-02-14 02:58:00"}
{"customer_id": "C70", "basket": [{"product_id": "P36", "price": 172}, {"product_id": "P36", "price": 1670}, {"product_id": "P37", "price": 1053}], "date_of_purchase": "2019-02-14 18:17:00"}
{"customer_id": "C78", "basket": [{"product_id": "P61", "price": 397}], "date_of_purchase": "2019-02-14 16:09:00"}
{"customer_id": "C81", "basket": [{"product_id": "P44", "price": 1677}, {"product_id": "P50", "price": 1138}, {"product_id": "P56", "price": 1714}], "date_of_purchase": "2019-02-14 16:34:00"}
{"customer_id": "C88", "basket": [{"product_id": "P35", "price": 1410}, {"product_id": "P40", "price": 1187}, {"product_id": "P39", "price": 395}], "date_of_purchase": "2019-02-14 08:10:00"}
{"customer_id": "C109", "basket": [{"product_id": "P01", "price": 768}, {"product_id": "P02", "price": 1745}], "date_of_purchase": "2019-02-14 11:08:00"}
{"customer_id": "C111", "basket": [{"product_id": "P34", "price": 669}], "date_of_purchase": "2019-02-14 12:08:00"}
{"customer_id": "C117", "basket": [{"product_id": "P26", "price": 653}], "date_of_purchase": "2019-02-14 14:16:00"}
{"customer_id": "C125", "basket": [{"product_id": "P63", "price": 955}, {"product_id": "P64", "price": 282}, {"product_id": "P62", "price": 1409}], "date_of_purchase": "2019-02-14 05:10:00"}
{"customer_id": "C126", "basket": [{"product_id": "P60", "price": 1332}, {"product_id": "P46", "price": 392}], "date_of_purchase": "2019-02-14 20:23:00"}
{"customer_id": "C129", "basket": [{"product_id": "P25", "price": 1171}, {"product_id": "P30", "price": 1089}, {"product_id": "P28", "price": 912}], "date_of_purchase": "2019-02-14 13:38:00"}
