{"customer_id": "C1", "basket": [{"product_id": "P63", "price": 1937}], "date_of_purchase": "2018-12-12 07:12:00"}
{"customer_id": "C6", "basket": [{"product_id": "P39", "price": 1909}], "date_of_purchase": "2018-12-12 18:55:00"}
{"customer_id": "C8", "basket": [{"product_id": "P22", "price": 91}], "date_of_purchase": "2018-12-12 13:47:00"}
{"customer_id": "C17", "basket": [{"product_id": "P11", "price": 1330}, {"product_id": "P05", "price": 232}, {"product_id": "P11", "price": 1426}], "date_of_purchase": "2018-12-12 20:54:00"}
{"customer_id": "C20", "basket": [{"product_id": "P61", "price": 371}], "date_of_purchase": "2018-12-12 07:10:00"}
{"customer_id": "C37", "basket": [{"product_id": "P30", "price": 1078}], "date_of_purchase": "2018-12-12 19:47:00"}
{"customer_id": "C38", "basket": [{"product_id": "P41", "price": 31}, {"product_id": "P49", "price": 1070}, {"product_id": "P60", "price": 1529}], "date_of_purchase": "2018-12-12 15:18:00"}
{"customer_id": "C39", "basket": [{"product_id": "P40", "price": 132}, {"product_id": "P39", "price": 1747}, {"product_id": "P38", "price": 97}], "date_of_purchase": "2018-12-12 11:38:00"}
{"customer_id": "C40", "basket": [{"product_id": "P54", "price": 749}, {"product_id": "P59", "price": 1158}, {"product_id": "P60", "price": 1204}], "date_of_purchase": "2018-12-12 14:36:00"}
{"customer_id": "C47", "basket": [{"product_id": "P42", "price": 1632}, {"product_id": "P43", "price": 1292}], "date_of_purchase": "2018-12-12 14:45:00"}
{"customer_id": "C53", "basket": [{"product_id": "P42", "price": 777}, {"product_id": "P41", "price": 1177}], "date_of_purchase": "2018-12-12 15:06:00"}
{"customer_id": "C65", "basket": [{"product_id": "P17", "price": 1641}, {"product_id": "P18", "price": 1363}, {"product_id": "P21", "price": 1165}], "date_of_purchase": "2018-12-12 22:26:00"}
{"customer_id": "C68", "basket": [{"product_id": "P53", "price": 1877}], "date_of_purchase": "2018-12-12 22:15:00"}
{"customer_id": "C72", "basket": [{"product_id": "P11", "price": 168}, {"product_id": "P05", "price": 1145}], "date_of_purchase": "2018-12-12 12:10:00"}
{"customer_id": "C79", "basket": [{"product_id": "P34", "price": 1486}, {"product_id": "P23", "price": 1066}], "date_of_purchase": "2018-12-12 12:16:00"}
{"customer_id": "C80", "basket": [{"product_id": "P37", "price": 735}, {"product_id": "P35", "price": 879}, {"product_id": "P35", "price": 1099}], "date_of_purchase": "2018-12-12 15:02:00"}
{"customer_id": "C82", "basket": [{"product_id": "P02", "price": 1351}], "date_of_purchase": "2018-12-12 06:05:00"}
{"customer_id": "C91", "basket": [{"product_id": "P39", "price": 372}, {"product_id": "P38", "price": 779}], "date_of_purchase": "2018-12-12 14:39:00"}
{"customer_id": "C95", "basket": [{"product_id": "P23", "price": 1475}, {"product_id": "P33", "price": 1665}], "date_of_purchase": "2018-12-12 08:40:00"}
{"customer_id": "C99", "basket": [{"product_id": "P30", "price": 1697}], "date_of_purchase": "2018-12-12 17:04:00"}
{"customer_id": "C102", "basket": [{"product_id": "P37", "price": 828}], "date_of_purchase": "2018-12-12 17:00:00"}
{"customer_id": "C106", "basket": [{"product_id": "P44", "price": 1639}], "date_of_purchase": "2018-12-12 03:26:00"}
{"customer_id": "C114", "basket": [{"product_id": "P09", "price": 146}, {"product_id": "P07", "price": 551}], "date_of_purchase": "2018-12-12 14:17:00"}
{"customer_id": "C116", "basket": [{"product_id": "P39", "price": 258}], "date_of_purchase": "2018-12-12 16:34:00"}
{"customer_id": "C131", "basket": [{"product_id": "P28", "price": 209}, {"product_id": "P28", "price": 1871}], "date_of_purchase": "2018-12-12 10:33:00"}
{"customer_id": "C135", "basket": [{"product_id": "P30", "price": 1615}, {"product_id": "P30", "price": 1131}], "date_of_purchase": "2018-12-12 05:51:00"}
{"customer_id": "C137", "basket": [{"product_id": "P60", "price": 445}, {"product_id": "P58", "price": 1944}, {"product_id": "P49", "price": 1733}], "date_of_purchase": "2018-12-12 09:17:00"}
