{"customer_id": "C7", "basket": [{"product_id": "P40", "price": 44}, {"product_id": "P40", "price": 1017}, {"product_id": "P39", "price": 1238}], "date_of_purchase": "2019-01-26 18:26:00"}
{"customer_id": "C14", "basket": [{"product_id": "P56", "price": 345}], "date_of_purchase": "2019-01-26 04:24:00"}
{"customer_id": "C18", "basket": [{"product_id": "P32", "price": 1988}, {"product_id": "P22", "price": 674}, {"product_id": "P22", "price": 1114}], "date_of_purchase": "2019-01-26 05:04:00"}
{"customer_id": "C31", "basket": [{"product_id": "P57", "price": 1450}, {"product_id": "P41", "price": 765}], "date_of_purchase": "2019-01-26 08:00:00"}
{"customer_id": "C40", "basket": [{"product_id": "P27", "price": 1886}], "date_of_purchase": "2019-01-26 05:06:00"}
{"customer_id": "C42", "basket": [{"product_id": "P40", "price": 1089}], "date_of_purchase": "2019-01-26 03:17:00"}
{"customer_id": "C47", "basket": [{"product_id": "P43", "price": 1326}, {"product_id": "P60", "price": 718}, {"product_id": "P42", "price": 272}], "date_of_purchase": "2019-01-26 04:00:00"}
{"customer_id": "C56", "basket": [{"product_id": "P11", "price": 841}, {"product_id": "P01", "price": 1753}], "date_of_purchase": "2019-01-26 13:07:00"}
{"customer_id": "C57", "basket": [{"product_id": "P53", "price": 1484}, {"product_id": "P59", "price": 106}], "date_of_purchase": "2019-01-26 08:22:00"}
{"customer_id": "C65", "basket": [{"product_id": "P15", "price": 1417}], "date_of_purchase": "2019-01-26 17:24:00"}
{"customer_id": "C69", "basket": [{"product_id": "P36", "price": 590}, {"product_id": "P37", "price": 1753}], "date_of_purchase": "2019-01-26 05:07:00"}
{"customer_id": "C71", "basket": [{"product_id": "P51", "price": 448}], "date_of_purchase": "2019-01-26 12:10:00"}
{"customer_id": "C75", "basket": [{"product_id": "P45", "price": 304}, {"product_id": "P52", "price": 513}], "date_of_purchase": "2019-01-26 23:12:00"}
{"customer_id": "C79", "basket": [{"product_id": "P26", "price": 1557}], "date_of_purchase": "2019-01-26 04:27:00"}
{"customer_id": "C86", "basket": [{"product_id": "P59", "price": 1295}, {"product_id": "P52", "price": 567}, {"product_id": "P43", "price": 1791}], "date_of_purchase": "2019-01-26 05:52:00"}
{"customer_id": "C91", "basket": [{"product_id": "P64", "price": 29}, {"product_id": "P64", "price": 1434}], "date_of_purchase": "2019-01-26 19:51:00"}
{"customer_id": "C101", "basket": [{"product_id": "P39", "price": 85}], "date_of_purchase": "2019-01-26 20:06:00"}
{"customer_id": "C111", "basket": [{"product_id": "P26", "price": 926}], "date_of_purchase": "2019-01-26 23:12:00"}
{"customer_id": "C112", "basket": [{"product_id": "P22", "price": 602}, {"product_id": "P30", "price": 1201}], "date_of_purchase": "2019-01-26 16:50:00"}
{"customer_id": "C116", "basket": [{"product_id": "P39", "price": 469}], "date_of_purchase": "2019-01-26 20:37:00"}
{"customer_id": "C117", "basket": [{"product_id": "P24", "price": 418}, {"product_id": "P32", "price": 1637}], "date_of_purchase": "2019-01-26 03:27:00"}
{"customer_id": "C123", "basket": [{"product_id": "P08", "price": 110}, {"product_id": "P06", "price": 59}], "date_of_purchase": "2019-01-26 12:39:00"}
{"customer_id": "C128", "basket": [{"product_id": "P57", "price": 11}], "date_of_purchase": "2019-01-26 10:38:00"}
{"customer_id": "C131", "basket": [{"product_id": "P24", "price": 675}, {"product_id": "P33", "price": 170}, {"product_id": "P27", "price": 942}], "date_of_purchase": "2019-01-26 08:08:00"}
{"customer_id": "C135", "basket": [{"product_id": "P25", "price": 1036}, {"product_id": "P33", "price": 532}, {"product_id": "P27", "price": 233}], "date_of_purchase": "2019-01-26 08:25:00"}
