{"customer_id": "C8", "basket": [{"product_id": "P56", "price": 945}, {"product_id": "P57", "price": 1547}, {"product_id": "P58", "price": 1042}], "date_of_purchase": "2019-01-06 07:33:00"}
{"customer_id": "C19", "basket": [{"product_id": "P06", "price": 412}, {"product_id": "P03", "price": 1009}], "date_of_purchase": "2019-01-06 03:05:00"}
{"customer_id": "C20", "basket": [{"product_id": "P14", "price": 1966}], "date_of_purchase": "2019-01-06 07:54:00"}
{"customer_id": "C23", "basket": [{"product_id": "P55", "price": 1692}, {"product_id": "P42", "price": 1236}, {"product_id": "P54", "price": 629}], "date_of_purchase": "2019-01-06 10:46:00"}
{"customer_id": "C33", "basket": [{"product_id": "P46", "price": 1572}, {"product_id": "P60", "price": 1985}], "date_of_purchase": "2019-01-06 03:11:00"}
{"customer_id": "C38", "basket": [{"product_id": "P30", "price": 8}], "date_of_purchase": "2019-01-06 04:00:00"}
{"customer_id": "C49", "basket": [{"product_id": "P53", "price": 1509}], "date_of_purchase": "2019-01-06 09:28:00"}
{"customer_id": "C50", "basket": [{"product_id": "P06", "price": 1538}], "date_of_purchase": "2019-01-06 04:50:00"}
{"customer_id": "C53", "basket": [{"product_id": "P23", "price": 292}], "date_of_purchase": "2019-01-06 11:56:00"}
{"customer_id": "C59", "basket": [{"product_id": "P55", "price": 310}], "date_of_purchase": "2019-01-06 17:27:00"}
{"customer_id": "C63", "basket": [{"product_id": "P02", "price": 1051}], "date_of_purchase": "2019-01-06 14:35:00"}
{"customer_id": "C65", "basket": [{"product_id": "P20", "price": 12}, {"product_id": "P21", "price": 25}, {"product_id": "P16", "price": 1769}], "date_of_purchase": "2019-01-06 09:28:00"}
{"customer_id": "C66", "basket": [{"product_id": "P19", "price": 1665}, {"product_id": "P14", "price": 562}], "date_of_purchase": "2019-01-06 14:50:00"}
{"customer_id": "C68", "basket": [{"product_id": "P59", "price": 1143}, {"product_id": "P41", "price": 826}], "date_of_purchase": "2019-01-06 07:02:00"}
{"customer_id": "C81", "basket": [{"product_id": "P42", "price": 1962}, {"product_id": "P41", "price": 495}, {"product_id": "P52", "price": 47}], "date_of_purchase": "2019-01-06 04:54:00"}
{"customer_id": "C86", "basket": [{"product_id": "P32", "price": 1780}, {"product_id": "P24", "price": 1642}], "date_of_purchase": "2019-01-06 21:32:00"}
{"customer_id": "C91", "basket": [{"product_id": "P47", "price": 1304}, {"product_id": "P51", "price": 1470}, {"product_id": "P49", "price": 1492}], "date_of_purchase": "2019-01-06 22:08:00"}
{"customer_id": "C101", "basket": [{"product_id": "P24", "price": 1925}, {"product_id": "P32", "price": 531}, {"product_id": "P27", "price": 35}], "date_of_purchase": "2019-01-06 05:05:00"}
{"customer_id": "C103", "basket": [{"product_id": "P19", "price": 1345}, {"product_id": "P21", "price": 1282}], "date_of_purchase": "2019-01-06 14:39:00"}
{"customer_id": "C104", "basket": [{"product_id": "P50", "price": 1404}, {"product_id": "P55", "price": 1480}], "date_of_purchase": "2019-01-06 22:38:00"}
{"customer_id": "C111", "basket": [{"product_id": "P23", "price": 1195}, {"product_id": "P24", "price": 1689}], "date_of_purchase": "2019-01-06 09:32:00"}
{"customer_id": "C117", "basket": [{"product_id": "P18", "price": 574}, {"product_id": "P14", "price": 1629}, {"product_id": "P21", "price": 472}], "date_of_purchase": "2019-01-06 11:26:00"}
{"customer_id": "C125", "basket": [{"product_id": "P33", "price": 1956}, {"product_id": "P34", "price": 1809}], "date_of_purchase": "2019-01-06 10:19:00"}
{"customer_id": "C131", "basket": [{"product_id": "P23", "price": 901}], "date_of_purchase": "2019-01-06 19:16:00"}
{"customer_id": "C133", "basket": [{"product_id": "P24", "price": 707}], "date_of_purchase": "2019-01-06 16:15:00"}
