{"customer_id": "C1", "basket": [{"product_id": "P39", "price": 1797}, {"product_id": "P38", "price": 994}, {"product_id": "P38", "price": 1058}], "date_of_purchase": "2018-12-25 21:31:00"}
{"customer_id": "C9", "basket": [{"product_id": "P36", "price": 371}], "date_of_purchase": "2018-12-25 02:59:00"}
{"customer_id": "C13", "basket": [{"product_id": "P63", "price": 1291}], "date_of_purchase": "2018-12-25 20:24:00"}
{"customer_id": "C17", "basket": [{"product_id": "P07", "price": 570}, {"product_id": "P03", "price": 1605}], "date_of_purchase": "2018-12-25 17:20:00"}
{"customer_id": "C23", "basket": [{"product_id": "P60", "price": 1005}], "date_of_purchase": "2018-12-25 05:51:00"}
{"customer_id": "C29", "basket": [{"product_id": "P55", "price": 976}, {"product_id": "P44", "price": 1752}, {"product_id": "P54", "price": 962}], "date_of_purchase": "2018-12-25 17:31:00"}
{"customer_id": "C34", "basket": [{"product_id": "P42", "price": 668}], "date_of_purchase": "2018-12-25 13:57:00"}
{"customer_id": "C36", "basket": [{"product_id": "P28", "price": 1157}], "date_of_purchase": "2018-12-25 21:35:00"}
{"customer_id": "C37", "basket": [{"product_id": "P24", "price": 1781}], "date_of_purchase": "2018-12-25 23:08:00"}
{"customer_id": "C44", "basket": [{"product_id": "P01", "price": 1048}, {"product_id": "P01", "price": 81}, {"product_id": "P04", "price": 14}], "date_of_purchase": "2018-12-25 06:29:00"}
{"customer_id": "C57", "basket": [{"product_id": "P53", "price": 1275}, {"product_id": "P48", "price": 367}, {"product_id": "P53", "price": 830}], "date_of_purchase": "2018-12-25 08:01:00"}
{"customer_id": "C60", "basket": [{"product_id": "P35", "price": 199}, {"product_id": "P39", "price": 475}], "date_of_purchase": "2018-12-25 12:15:00"}
{"customer_id": "C64", "basket": [{"product_id": "P01", "price": 9}, {"product_id": "P03", "price": 315}, {"product_id": "P05", "price": 171}], "date_of_purchase": "2018-12-25 11:21:00"}
{"customer_id": "C65", "basket": [{"product_id": "P15", "price": 1346}, {"product_id": "P20", "price": 1068}], "date_of_purchase": "2018-12-25 09:41:00"}
{"customer_id": "C70", "basket": [{"product_id": "P10", "price": 1823}, {"product_id": "P06", "price": 644}, {"product_id": "P08", "price": 1498}], "date_of_purchase": "2018-12-25 09:36:00"}
{"customer_id": "C71", "basket": [{"product_id": "P11", "price": 1841}, {"product_id": "P11", "price": 1081}], "date_of_purchase": "2018-12-25 16:00:00"}
{"customer_id": "C73", "basket": [{"product_id": "P46", "price": 1980}, {"product_id": "P56", "price": 611}], "date_of_purchase": "2018-12-25 13:41:00"}
{"customer_id": "C77", "basket": [{"product_id": "P56", "price": 215}, {"product_id": "P43", "price": 72}], "date_of_purchase": "2018-12-25 04:34:00"}
{"customer_id": "C78", "basket": [{"product_id": "P41", "price": 993}, {"product_id": "P43", "price": 1842}, {"product_id": "P41", "price": 829}], "date_of_purchase": "2018-12-25 07:25:00"}
{"customer_id": "C79", "basket": [{"product_id": "P30", "price": 1846}, {"product_id": "P28", "price": 345}, {"product_id": "P27", "price": 759}], "date_of_purchase": "2018-12-25 16:36:00"}
{"customer_id": "C102", "basket": [{"product_id": "P49", "price": 619}], "date_of_purchase": "2018-12-25 05:56:00"}
{"customer_id": "C103", "basket": [{"product_id": "P49", "price": 918}], "date_of_purchase": "2018-12-25 14:21:00"}
{"customer_id": "C106", "basket": [{"product_id": "P22", "price": 1734}, {"product_id": "P24", "price": 256}], "date_of_purchase": "2018-12-25 20:43:00"}
{"customer_id": "C109", "basket": [{"product_id": "P05", "price": 504}], "date_of_purchase": "2018-12-25 17:14:00"}
{"customer_id": "C114", "basket": [{"product_id": "P61", "price": 1171}, {"product_id": "P63", "price": 1691}], "date_of_purchase": "2018-12-25 19:10:00"}
{"customer_id": "C119", "basket": [{"product_id": "P24", "price": 723}], "date_of_purchase": "2018-12-25 15:33:00"}
{"customer_id": "C132", "basket": [{"product_id": "P30", "price": 525}], "date_of_purchase": "2018-12-25 23:09:00"}
