{"customer_id": "C3", "basket": [{"product_id": "P40", "price": 1039}], "date_of_purchase": "2019-02-15 19:50:00"}
{"customer_id": "C23", "basket": [{"product_id": "P50", "price": 1341}, {"product_id": "P41", "price": 622}], "date_of_purchase": "2019-02-15 04:31:00"}
{"customer_id": "C31", "basket": [{"product_id": "P47", "price": 1395}], "date_of_purchase": "2019-02-15 10:15:00"}
{"customer_id": "C34", "basket": [{"product_id": "P45", "price": 1221}, {"product_id": "P53", "price": 1611}], "date_of_purchase": "2019-02-15 17:20:00"}
{"customer_id": "C35", "basket": [{"product_id": "P52", "price": 1911}], "date_of_purchase": "2019-02-15 18:52:00"}
{"customer_id": "C39", "basket": [{"product_id": "P37", "price": 1442}], "date_of_purchase": "2019-02-15 02:54:00"}
{"customer_id": "C42", "basket": [{"product_id": "P49", "price": 1727}], "date_of_purchase": "2019-02-15 04:18:00"}
{"customer_id": "C43", "basket": [{"product_id": "P10", "price": 436}, {"product_id": "P02", "price": 1997}, {"product_id": "P12", "price": 1245}], "date_of_purchase": "2019-02-15 05:31:00"}
{"customer_id": "C59", "basket": [{"product_id": "P39", "price": 1904}, {"product_id": "P39", "price": 732}], "date_of_purchase": "2019-02-15 08:42:00"}
{"customer_id": "C62", "basket": [{"product_id": "P64", "price": 102}, {"product_id": "P64", "price": 1765}], "date_of_purchase": "2019-02-15 07:39:00"}
{"customer_id": "C66", "basket": [{"product_id": "P62", "price": 1463}], "date_of_purchase": "2019-02-15 07:55:00"}
{"customer_id": "C67", "basket": [{"product_id": "P39", "price": 87}], "date_of_purchase": "2019-02-15 22:40:00"}
{"customer_id": "C68", "basket": [{"product_id": "P53", "price": 1312}], "date_of_purchase": "2019-02-15 17:22:00"}
{"customer_id": "C69", "basket": [{"product_id": "P36", "price": 930}, {"product_id": "P39", "price": 1604}], "date_of_purchase": "2019-02-15 03:27:00"}
{"customer_id": "C70", "basket": [{"product_id": "P40", "price": 1030}, {"product_id": "P37", "price": 602}, {"product_id": "P35", "price": 986}], "date_of_purchase": "2019-02-15 11:53:00"}
{"customer_id": "C71", "basket": [{"product_id": "P02", "price": 1448}], "date_of_purchase": "2019-02-15 08:25:00"}
{"customer_id": "C77", "basket": [{"product_id": "P38", "price": 618}, {"product_id": "P39", "price": 1796}, {"product_id": "P36", "price": 255}], "date_of_purchase": "2019-02-15 06:53:00"}
{"customer_id": "C79", "basket": [{"product_id": "P31", "price": 1664}, {"product_id": "P33", "price": 753}, {"product_id": "P34", "price": 1144}], "date_of_purchase": "2019-02-15 22:41:00"}
{"customer_id": "C82", "basket": [{"product_id": "P11", "price": 1009}, {"product_id": "P09", "price": 1175}, {"product_id": "P05", "price": 1837}], "date_of_purchase": "2019-02-15 04:41:00"}
{"customer_id": "C86", "basket": [{"product_id": "P34", "price": 1455}, {"product_id": "P33", "price": 1747}], "date_of_purchase": "2019-02-15 07:50:00"}
{"customer_id": "C87", "basket": [{"product_id": "P30", "price": 1816}], "date_of_purchase": "2019-02-15 04:12:00"}
{"customer_id": "C90", "basket": [{"product_id": "P19", "price": 1466}, {"product_id": "P17", "price": 1234}, {"product_id": "P15", "price": 621}], "date_of_purchase": "2019-02-15 10:47:00"}
{"customer_id": "C91", "basket": [{"product_id": "P38", "price": 1815}], "date_of_purchase": "2019-02-15 15:47:00"}
{"customer_id": "C98", "basket": [{"product_id": "P34", "price": 1407}], "date_of_purchase": "2019-02-15 13:47:00"}
{"customer_id": "C103", "basket": [{"product_id": "P36", "price": 474}, {"product_id": "P35", "price": 1053}], "date_of_purchase": "2019-02-15 12:11:00"}
{"customer_id": "C104", "basket": [{"product_id": "P53", "price": 1080}, {"product_id": "P52", "price": 649}, {"product_id": "P50", "price": 1865}], "date_of_purchase": "2019-02-15 08:33:00"}
{"customer_id": "C110", "basket": [{"product_id": "P41", "price": 1211}, {"product_id": "P59", "price": 1483}, {"product_id": "P59", "price": 1449}], "date_of_purchase": "2019-02-15 13:47:00"}
{"customer_id": "C112", "basket": [{"product_id": "P23", "price": 1866}, {"product_id": "P30", "price": 1470}, {"product_id": "P31", "price": 14}], "date_of_purchase": "2019-02-15 04:49:00"}
{"customer_id": "C113", "basket": [{"product_id": "P52", "price": 1588}, {"product_id": "P48", "price": 1375}, {"product_id": "P54", "price": 60}], "date_of_purchase": "2019-02-15 14:24:00"}
{"customer_id": "C117", "basket": [{"product_id": "P27", "price": 146}], "date_of_purchase": "2019-02-15 03:45:00"}
{"customer_id": "C118", "basket": [{"product_id": "P33", "price": 585}, {"product_id": "P27", "price": 1504}, {"product_id": "P28", "price": 811}], "date_of_purchase": "2019-02-15 06:31:00"}
