{"customer_id": "C3", "basket": [{"product_id": "P36", "price": 1301}, {"product_id": "P39", "price": 1113}, {"product_id": "P36", "price": 413}], "date_of_purchase": "2019-02-20 19:35:00"}
{"customer_id": "C7", "basket": [{"product_id": "P39", "price": 743}], "date_of_purchase": "2019-02-20 12:19:00"}
{"customer_id": "C12", "basket": [{"product_id": "P48", "price": 50}, {"product_id": "P51", "price": 256}, {"product_id": "P42", "price": 1556}], "date_of_purchase": "2019-02-20 07:53:00"}
{"customer_id": "C18", "basket": [{"product_id": "P10", "price": 193}, {"product_id": "P07", "price": 1031}, {"product_id": "P05", "price": 1592}], "date_of_purchase": "2019-02-20 08:11:00"}
{"customer_id": "C23", "basket": [{"product_id": "P50", "price": 1575}], "date_of_purchase": "2019-02-20 20:33:00"}
{"customer_id": "C26", "basket": [{"product_id": "P43", "price": 65}, {"product_id": "P56", "price": 186}, {"product_id": "P51", "price": 586}], "date_of_purchase": "2019-02-20 10:11:00"}
{"customer_id": "C29", "basket": [{"product_id": "P50", "price": 748}], "date_of_purchase": "2019-02-20 03:17:00"}
{"customer_id": "C37", "basket": [{"product_id": "P54", "price": 675}, {"product_id": "P51", "price": 816}], "date_of_purchase": "2019-02-20 11:37:00"}
{"customer_id": "C47", "basket": [{"product_id": "P43", "price": 1328}], "date_of_purchase": "2019-02-20 06:20:00"}
{"customer_id": "C63", "basket": [{"product_id": "P02", "price": 165}], "date_of_purchase": "2019-02-20 13:01:00"}
{"customer_id": "C67", "basket": [{"product_id": "P35", "price": 1597}], "date_of_purchase": "2019-02-20 16:26:00"}
{"customer_id": "C76", "basket": [{"product_id": "P34", "price": 1286}, {"product_id": "P25", "price": 1005}], "date_of_purchase": "2019-02-20 11:05:00"}
{"customer_id": "C77", "basket": [{"product_id": "P43", "price": 56}], "date_of_purchase": "2019-02-20 10:53:00"}
{"customer_id": "C81", "basket": [{"product_id": "P54", "price": 640}, {"product_id": "P57", "price": 80}, {"product_id": "P49", "price": 548}], "date_of_purchase": "2019-02-20 07:51:00"}
{"customer_id": "C82", "basket": [{"product_id": "P01", "price": 99}], "date_of_purchase": "2019-02-20 06:58:00"}
{"customer_id": "C86", "basket": [{"product_id": "P29", "price": 481}, {"product_id": "P34", "price": 808}], "date_of_purchase": "2019-02-20 19:00:00"}
{"customer_id": "C94", "basket": [{"product_id": "P61", "price": 1357}], "date_of_purchase": "2019-02-20 23:09:00"}
{"customer_id": "C108", "basket": [{"product_id": "P42", "price": 731}], "date_of_purchase": "2019-02-20 08:26:00"}
{"customer_id": "C111", "basket": [{"product_id": "P24", "price": 1261}, {"product_id": "P22", "price": 336}], "date_of_purchase": "2019-02-20 09:36:00"}
{"customer_id": "C117", "basket": [{"product_id": "P23", "price": 920}, {"product_id": "P27", "price": 1844}], "date_of_purchase": "2019-02-20 07:25:00"}
{"customer_id": "C118", "basket": [{"product_id": "P26", "price": 907}, {"product_id": "P30", "price": 221}, {"product_id": "P31", "price": 375}], "date_of_purchase": "2019-02-20 05:07:00"}
{"customer_id": "C119", "basket": [{"product_id": "P36", "price": 1522}], "date_of_purchase": "2019-02-20 21:58:00"}
{"customer_id": "C131", "basket": [{"product_id": "P25", "price": 411}, {"product_id": "P23", "price": 1078}, {"product_id": "P24", "price": 1989}], "date_of_purchase": "2019-02-20 04:32:00"}
