{"customer_id": "C3", "basket": [{"product_id": "P61", "price": 393}, {"product_id": "P61", "price": 1360}, {"product_id": "P62", "price": 816}], "date_of_purchase": "2018-12-22 21:01:00"}
{"customer_id": "C20", "basket": [{"product_id": "P62", "price": 912}, {"product_id": "P63", "price": 1707}, {"product_id": "P63", "price": 837}], "date_of_purchase": "2018-12-22 05:26:00"}
{"customer_id": "C23", "basket": [{"product_id": "P44", "price": 634}], "date_of_purchase": "2018-12-22 03:53:00"}
{"customer_id": "C25", "basket": [{"product_id": "P08", "price": 347}], "date_of_purchase": "2018-12-22 18:52:00"}
{"customer_id": "C32", "basket": [{"product_id": "P43", "price": 489}, {"product_id": "P49", "price": 999}, {"product_id": "P44", "price": 1354}], "date_of_purchase": "2018-12-22 03:47:00"}
{"customer_id": "C34", "basket": [{"product_id": "P47", "price": 1881}, {"product_id": "P60", "price": 69}], "date_of_purchase": "2018-12-22 23:51:00"}
{"customer_id": "C38", "basket": [{"product_id": "P48", "price": 174}], "date_of_purchase": "2018-12-22 09:13:00"}
{"customer_id": "C53", "basket": [{"product_id": "P60", "price": 607}, {"product_id": "P46", "price": 231}, {"product_id": "P60", "price": 1713}], "date_of_purchase": "2018-12-22 11:05:00"}
{"customer_id": "C68", "basket": [{"product_id": "P45", "price": 1395}], "date_of_purchase": "2018-12-22 08:16:00"}
{"customer_id": "C73", "basket": [{"product_id": "P06", "price": 1763}, {"product_id": "P10", "price": 1561}, {"product_id": "P07", "price": 1310}], "date_of_purchase": "2018-12-22 22:23:00"}
{"customer_id": "C82", "basket": [{"product_id": "P03", "price": 463}, {"product_id": "P04", "price": 1168}], "date_of_purchase": "2018-12-22 12:45:00"}
{"customer_id": "C86", "basket": [{"product_id": "P32", "price": 1683}], "date_of_purchase": "2018-12-22 08:01:00"}
{"customer_id": "C92", "basket": [{"product_id": "P44", "price": 1088}, {"product_id": "P60", "price": 600}], "date_of_purchase": "2018-12-22 19:44:00"}
{"customer_id": "C111", "basket": [{"product_id": "P28", "price": 1410}, {"product_id": "P22", "price": 1784}, {"product_id": "P33", "price": 1547}], "date_of_purchase": "2018-12-22 23:40:00"}
{"customer_id": "C113", "basket": [{"product_id": "P60", "price": 675}, {"product_id": "P55", "price": 1295}, {"product_id": "P57", "price": 492}], "date_of_purchase": "2018-12-22 06:29:00"}
{"customer_id": "C116", "basket": [{"product_id": "P38", "price": 315}], "date_of_purchase": "2018-12-22 05:10:00"}
{"customer_id": "C118", "basket": [{"product_id": "P36", "price": 34}], "date_of_purchase": "2018-12-22 09:05:00"}
{"customer_id": "C123", "basket": [{"product_id": "P02", "price": 1789}], "date_of_purchase": "2018-12-22 04:13:00"}
{"customer_id": "C126", "basket": [{"product_id": "P51", "price": 1247}], "date_of_purchase": "2018-12-22 21:12:00"}
{"customer_id": "C127", "basket": [{"product_id": "P31", "price": 1830}, {"product_id": "P31", "price": 319}, {"product_id": "P33", "price": 435}], "date_of_purchase": "2018-12-22 08:22:00"}
