{"customer_id": "C3", "basket": [{"product_id": "P39", "price": 1937}, {"product_id": "P37", "price": 1369}, {"product_id": "P38", "price": 1000}], "date_of_purchase": "2018-12-04 14:15:00"}
{"customer_id": "C5", "basket": [{"product_id": "P51", "price": 215}, {"product_id": "P55", "price": 1721}, {"product_id": "P45", "price": 1129}], "date_of_purchase": "2018-12-04 12:56:00"}
{"customer_id": "C6", "basket": [{"product_id": "P35", "price": 1153}, {"product_id": "P36", "price": 573}, {"product_id": "P39", "price": 1427}], "date_of_purchase": "2018-12-04 23:58:00"}
{"customer_id": "C15", "basket": [{"product_id": "P07", "price": 835}, {"product_id": "P01", "price": 1699}, {"product_id": "P02", "price": 47}], "date_of_purchase": "2018-12-04 21:36:00"}
{"customer_id": "C20", "basket": [{"product_id": "P16", "price": 944}], "date_of_purchase": "2018-12-04 21:07:00"}
{"customer_id": "C26", "basket": [{"product_id": "P56", "price": 613}, {"product_id": "P53", "price": 1321}], "date_of_purchase": "2018-12-04 03:50:00"}
{"customer_id": "C29", "basket": [{"product_id": "P56", "price": 577}], "date_of_purchase": "2018-12-04 22:16:00"}
{"customer_id": "C35", "basket": [{"product_id": "P56", "price": 1706}, {"product_id": "P60", "price": 1852}, {"product_id": "P58", "price": 1207}], "date_of_purchase": "2018-12-04 09:41:00"}
{"customer_id": "C38", "basket": [{"product_id": "P34", "price": 1667}, {"product_id": "P31", "price": 1473}, {"product_id": "P28", "price": 1404}], "date_of_purchase": "2018-12-04 16:38:00"}
{"customer_id": "C60", "basket": [{"product_id": "P63", "price": 119}, {"product_id": "P64", "price": 536}], "date_of_purchase": "2018-12-04 20:39:00"}
{"customer_id": "C61", "basket": [{"product_id": "P57", "price": 1450}, {"product_id": "P52", "price": 914}, {"product_id": "P45", "price": 575}], "date_of_purchase": "2018-12-04 06:54:00"}
{"customer_id": "C81", "basket": [{"product_id": "P09", "price": 89}], "date_of_purchase": "2018-12-04 17:01:00"}
{"customer_id": "C86", "basket": [{"product_id": "P64", "price": 444}, {"product_id": "P64", "price": 34}], "date_of_purchase": "2018-12-04 04:48:00"}
{"customer_id": "C87", "basket": [{"product_id": "P18", "price": 1027}], "date_of_purchase": "2018-12-04 04:23:00"}
{"customer_id": "C103", "basket": [{"product_id": "P21", "price": 1624}, {"product_id": "P21", "price": 745}, {"product_id": "P17", "price": 1235}], "date_of_purchase": "2018-12-04 04:21:00"}
{"customer_id": "C113", "basket": [{"product_id": "P43", "price": 1518}, {"product_id": "P57", "price": 791}, {"product_id": "P43", "price": 48}], "date_of_purchase": "2018-12-04 02:56:00"}
{"customer_id": "C122", "basket": [{"product_id": "P50", "price": 1894}, {"product_id": "P54", "price": 774}, {"product_id": "P43", "price": 1101}], "date_of_purchase": "2018-12-04 08:26:00"}
{"customer_id": "C128", "basket": [{"product_id": "P45", "price": 1794}, {"product_id": "P51", "price": 450}], "date_of_purchase": "2018-12-04 10:06:00"}
{"customer_id": "C137", "basket": [{"product_id": "P07", "price": 1413}, {"product_id": "P05", "price": 845}, {"product_id": "P12", "price": 414}], "date_of_purchase": "2018-12-04 06:14:00"}
