{"customer_id": "C7", "basket": [{"product_id": "P36", "price": 802}, {"product_id": "P36", "price": 831}], "date_of_purchase": "2019-01-04 12:38:00"}
{"customer_id": "C8", "basket": [{"product_id": "P59", "price": 779}, {"product_id": "P57", "price": 1254}, {"product_id": "P54", "price": 1140}], "date_of_purchase": "2019-01-04 10:40:00"}
{"customer_id": "C10", "basket": [{"product_id": "P33", "price": 568}], "date_of_purchase": "2019-01-04 21:00:00"}
{"customer_id": "C12", "basket": [{"product_id": "P42", "price": 465}], "date_of_purchase": "2019-01-04 06:13:00"}
{"customer_id": "C24", "basket": [{"product_id": "P37", "price": 251}, {"product_id": "P35", "price": 391}], "date_of_purchase": "2019-01-04 15:44:00"}
{"customer_id": "C26", "basket": [{"product_id": "P59", "price": 1973}], "date_of_purchase": "2019-01-04 13:19:00"}
{"customer_id": "C27", "basket": [{"product_id": "P55", "price": 1265}, {"product_id": "P51", "price": 1326}, {"product_id": "P58", "price": 1512}], "date_of_purchase": "2019-01-04 10:08:00"}
{"customer_id": "C29", "basket": [{"product_id": "P41", "price": 808}, {"product_id": "P58", "price": 776}, {"product_id": "P45", "price": 812}], "date_of_purchase": "2019-01-04 04:19:00"}
{"customer_id": "C35", "basket": [{"product_id": "P44", "price": 163}, {"product_id": "P51", "price": 316}], "date_of_purchase": "2019-01-04 07:31:00"}
{"customer_id": "C64", "basket": [{"product_id": "P22", "price": 809}], "date_of_purchase": "2019-01-04 03:53:00"}
{"customer_id": "C66", "basket": [{"product_id": "P16", "price": 1375}, {"product_id": "P20", "price": 1065}, {"product_id": "P14", "price": 919}], "date_of_purchase": "2019-01-04 09:37:00"}
{"customer_id": "C68", "basket": [{"product_id": "P58", "price": 491}, {"product_id": "P53", "price": 659}], "date_of_purchase": "2019-01-04 17:13:00"}
{"customer_id": "C81", "basket": [{"product_id": "P07", "price": 696}], "date_of_purchase": "2019-01-04 05:37:00"}
{"customer_id": "C87", "basket": [{"product_id": "P30", "price": 1185}, {"product_id": "P27", "price": 105}], "date_of_purchase": "2019-01-04 10:42:00"}
{"customer_id": "C88", "basket": [{"product_id": "P37", "price": 1427}, {"product_id": "P36", "price": 1793}], "date_of_purchase": "2019-01-04 08:38:00"}
{"customer_id": "C92", "basket": [{"product_id": "P01", "price": 1200}, {"product_id": "P05", "price": 1088}, {"product_id": "P09", "price": 1909}], "date_of_purchase": "2019-01-04 19:54:00"}
{"customer_id": "C94", "basket": [{"product_id": "P61", "price": 1906}, {"product_id": "P64", "price": 521}], "date_of_purchase": "2019-01-04 22:06:00"}
{"customer_id": "C101", "basket": [{"product_id": "P61", "price": 808}, {"product_id": "P63", "price": 357}, {"product_id": "P61", "price": 664}], "date_of_purchase": "2019-01-04 10:08:00"}
{"customer_id": "C102", "basket": [{"product_id": "P59", "price": 934}, {"product_id": "P52", "price": 694}, {"product_id": "P59", "price": 1601}], "date_of_purchase": "2019-01-04 11:24:00"}
{"customer_id": "C103", "basket": [{"product_id": "P39", "price": 1288}], "date_of_purchase": "2019-01-04 14:24:00"}
{"customer_id": "C113", "basket": [{"product_id": "P54", "price": 981}], "date_of_purchase": "2019-01-04 21:26:00"}
{"customer_id": "C122", "basket": [{"product_id": "P30", "price": 1149}, {"product_id": "P25", "price": 1159}, {"product_id": "P29", "price": 150}], "date_of_purchase": "2019-01-04 03:00:00"}
{"customer_id": "C125", "basket": [{"product_id": "P28", "price": 1861}, {"product_id": "P28", "price": 853}], "date_of_purchase": "2019-01-04 07:45:00"}
{"customer_id": "C127", "basket": [{"product_id": "P28", "price": 1112}], "date_of_purchase": "2019-01-04 19:17:00"}
{"customer_id": "C128", "basket": [{"product_id": "P24", "price": 357}, {"product_id": "P24", "price": 77}, {"product_id": "P32", "price": 1970}], "date_of_purchase": "2019-01-04 23:09:00"}
