{"customer_id": "C5", "basket": [{"product_id": "P62", "price": 1336}], "date_of_purchase": "2019-02-28 02:48:00"}
{"customer_id": "C8", "basket": [{"product_id": "P58", "price": 1535}], "date_of_purchase": "2019-02-28 23:31:00"}
{"customer_id": "C9", "basket": [{"product_id": "P35", "price": 513}, {"product_id": "P36", "price": 1169}, {"product_id": "P39", "price": 920}], "date_of_purchase": "2019-02-28 12:53:00"}
{"customer_id": "C12", "basket": [{"product_id": "P57", "price": 910}, {"product_id": "P60", "price": 995}, {"product_id": "P55", "price": 695}], "date_of_purchase": "2019-02-28 16:11:00"}
{"customer_id": "C20", "basket": [{"product_id": "P62", "price": 532}, {"product_id": "P63", "price": 1443}, {"product_id": "P63", "price": 1906}], "date_of_purchase": "2019-02-28 05:17:00"}
{"customer_id": "C26", "basket": [{"product_id": "P54", "price": 1758}, {"product_id": "P48", "price": 442}], "date_of_purchase": "2019-02-28 06:48:00"}
{"customer_id": "C29", "basket": [{"product_id": "P57", "price": 1971}, {"product_id": "P60", "price": 1583}], "date_of_purchase": "2019-02-28 11:43:00"}
{"customer_id": "C36", "basket": [{"product_id": "P28", "price": 1361}], "date_of_purchase": "2019-02-28 17:54:00"}
{"customer_id": "C41", "basket": [{"product_id": "P43", "price": 1509}, {"product_id": "P52", "price": 1974}], "date_of_purchase": "2019-02-28 04:45:00"}
{"customer_id": "C50", "basket": [{"product_id": "P58", "price": 1947}], "date_of_purchase": "2019-02-28 17:54:00"}
{"customer_id": "C53", "basket": [{"product_id": "P23", "price": 214}, {"product_id": "P23", "price": 21}], "date_of_purchase": "2019-02-28 18:09:00"}
{"customer_id": "C59", "basket": [{"product_id": "P41", "price": 779}], "date_of_purchase": "2019-02-28 07:48:00"}
{"customer_id": "C65", "basket": [{"product_id": "P15", "price": 64}, {"product_id": "P17", "price": 1848}, {"product_id": "P15", "price": 17}], "date_of_purchase": "2019-02-28 07:11:00"}
{"customer_id": "C69", "basket": [{"product_id": "P40", "price": 1280}], "date_of_purchase": "2019-02-28 18:22:00"}
{"customer_id": "C72", "basket": [{"product_id": "P60", "price": 645}, {"product_id": "P55", "price": 299}], "date_of_purchase": "2019-02-28 07:51:00"}
{"customer_id": "C73", "basket": [{"product_id": "P27", "price": 1606}, {"product_id": "P28", "price": 1113}], "date_of_purchase": "2019-02-28 02:58:00"}
{"customer_id": "C79", "basket": [{"product_id": "P31", "price": 953}, {"product_id": "P29", "price": 652}, {"product_id": "P22", "price": 1071}], "date_of_purchase": "2019-02-28 13:50:00"}
{"customer_id": "C82", "basket": [{"product_id": "P38", "price": 1593}], "date_of_purchase": "2019-02-28 14:31:00"}
{"customer_id": "C91", "basket": [{"product_id": "P43", "price": 54}, {"product_id": "P50", "price": 74}], "date_of_purchase": "2019-02-28 09:49:00"}
{"customer_id": "C92", "basket": [{"product_id": "P03", "price": 92}], "date_of_purchase": "2019-02-28 03:29:00"}
{"customer_id": "C99", "basket": [{"product_id": "P08", "price": 1865}], "date_of_purchase": "2019-02-28 09:43:00"}
{"customer_id": "C100", "basket": [{"product_id": "P37", "price": 432}], "date_of_purchase": "2019-02-28 08:43:00"}
{"customer_id": "C102", "basket": [{"product_id": "P40", "price": 1691}, {"product_id": "P38", "price": 19}], "date_of_purchase": "2019-02-28 03:47:00"}
{"customer_id": "C103", "basket": [{"product_id": "P51", "price": 677}], "date_of_purchase": "2019-02-28 22:31:00"}
{"customer_id": "C107", "basket": [{"product_id": "P37", "price": 748}, {"product_id": "P40", "price": 230}], "date_of_purchase": "2019-02-28 18:10:00"}
{"customer_id": "C111", "basket": [{"product_id": "P23", "price": 774}, {"product_id": "P27", "price": 114}], "date_of_purchase": "2019-02-28 17:18:00"}
{"customer_id": "C115", "basket": [{"product_id": "P35", "price": 117}, {"product_id": "P35", "price": 255}], "date_of_purchase": "2019-02-28 21:21:00"}
{"customer_id": "C116", "basket": [{"product_id": "P36", "price": 621}, {"product_id": "P40", "price": 1512}], "date_of_purchase": "2019-02-28 13:33:00"}
{"customer_id": "C117", "basket": [{"product_id": "P11", "price": 1634}, {"product_id": "P07", "price": 878}], "date_of_purchase": "2019-02-28 23:31:00"}
{"customer_id": "C118", "basket": [{"product_id": "P19", "price": 1901}, {"product_id": "P17", "price": 459}], "date_of_purchase": "2019-02-28 03:38:00"}
{"customer_id": "C119", "basket": [{"product_id": "P37", "price": 125}, {"product_id": "P36", "price": 1305}, {"product_id": "P35", "price": 961}], "date_of_purchase": "2019-02-28 10:18:00"}
{"customer_id": "C129", "basket": [{"product_id": "P05", "price": 1171}], "date_of_purchase": "2019-02-28 15:12:00"}
{"customer_id": "C131", "basket": [{"product_id": "P59", "price": 1189}], "date_of_purchase": "2019-02-28 08:02:00"}
{"customer_id": "C133", "basket": [{"product_id": "P55", "price": 1968}, {"product_id": "P48", "price": 598}], "date_of_purchase": "2019-02-28 20:18:00"}
{"customer_id": "C135", "basket": [{"product_id": "P33", "price": 1640}, {"product_id": "P24", "price": 1780}], "date_of_purchase": "2019-02-28 09:09:00"}
