{"customer_id": "C7", "basket": [{"product_id": "P35", "price": 1500}, {"product_id": "P36", "price": 557}], "date_of_purchase": "2018-12-11 06:13:00"}
{"customer_id": "C20", "basket": [{"product_id": "P61", "price": 934}], "date_of_purchase": "2018-12-11 16:27:00"}
{"customer_id": "C29", "basket": [{"product_id": "P49", "price": 1467}], "date_of_purchase": "2018-12-11 13:24:00"}
{"customer_id": "C34", "basket": [{"product_id": "P45", "price": 1445}, {"product_id": "P46", "price": 1790}, {"product_id": "P55", "price": 1566}], "date_of_purchase": "2018-12-11 22:33:00"}
{"customer_id": "C36", "basket": [{"product_id": "P08", "price": 1198}, {"product_id": "P02", "price": 1727}], "date_of_purchase": "2018-12-11 11:26:00"}
{"customer_id": "C39", "basket": [{"product_id": "P64", "price": 1765}], "date_of_purchase": "2018-12-11 08:27:00"}
{"customer_id": "C42", "basket": [{"product_id": "P56", "price": 1577}], "date_of_purchase": "2018-12-11 05:52:00"}
{"customer_id": "C49", "basket": [{"product_id": "P56", "price": 1371}, {"product_id": "P44", "price": 1847}], "date_of_purchase": "2018-12-11 16:11:00"}
{"customer_id": "C57", "basket": [{"product_id": "P43", "price": 493}, {"product_id": "P47", "price": 202}, {"product_id": "P59", "price": 720}], "date_of_purchase": "2018-12-11 23:55:00"}
{"customer_id": "C60", "basket": [{"product_id": "P06", "price": 1256}], "date_of_purchase": "2018-12-11 16:06:00"}
{"customer_id": "C69", "basket": [{"product_id": "P40", "price": 590}], "date_of_purchase": "2018-12-11 10:37:00"}
{"customer_id": "C71", "basket": [{"product_id": "P60", "price": 1160}, {"product_id": "P43", "price": 1190}], "date_of_purchase": "2018-12-11 21:18:00"}
{"customer_id": "C73", "basket": [{"product_id": "P32", "price": 327}, {"product_id": "P25", "price": 1313}, {"product_id": "P29", "price": 1146}], "date_of_purchase": "2018-12-11 04:20:00"}
{"customer_id": "C86", "basket": [{"product_id": "P62", "price": 414}], "date_of_purchase": "2018-12-11 16:06:00"}
{"customer_id": "C91", "basket": [{"product_id": "P64", "price": 923}], "date_of_purchase": "2018-12-11 10:08:00"}
{"customer_id": "C93", "basket": [{"product_id": "P31", "price": 81}, {"product_id": "P33", "price": 675}, {"product_id": "P22", "price": 892}], "date_of_purchase": "2018-12-11 21:36:00"}
{"customer_id": "C95", "basket": [{"product_id": "P25", "price": 112}, {"product_id": "P30", "price": 1981}], "date_of_purchase": "2018-12-11 06:52:00"}
{"customer_id": "C103", "basket": [{"product_id": "P13", "price": 1288}, {"product_id": "P14", "price": 456}, {"product_id": "P13", "price": 1703}], "date_of_purchase": "2018-12-11 03:16:00"}
{"customer_id": "C104", "basket": [{"product_id": "P57", "price": 1177}, {"product_id": "P41", "price": 1934}, {"product_id": "P57", "price": 353}], "date_of_purchase": "2018-12-11 17:08:00"}
{"customer_id": "C106", "basket": [{"product_id": "P48", "price": 351}, {"product_id": "P51", "price": 497}, {"product_id": "P43", "price": 1706}], "date_of_purchase": "2018-12-11 11:20:00"}
{"customer_id": "C117", "basket": [{"product_id": "P31", "price": 1164}, {"product_id": "P31", "price": 1079}, {"product_id": "P23", "price": 729}], "date_of_purchase": "2018-12-11 05:43:00"}
{"customer_id": "C118", "basket": [{"product_id": "P40", "price": 948}, {"product_id": "P35", "price": 503}, {"product_id": "P36", "price": 1119}], "date_of_purchase": "2018-12-11 16:38:00"}
{"customer_id": "C128", "basket": [{"product_id": "P56", "price": 1184}], "date_of_purchase": "2018-12-11 16:43:00"}
{"customer_id": "C135", "basket": [{"product_id": "P32", "price": 415}], "date_of_purchase": "2018-12-11 20:21:00"}
{"customer_id": "C137", "basket": [{"product_id": "P03", "price": 1972}], "date_of_purchase": "2018-12-11 20:34:00"}
