{"customer_id": "C1", "basket": [{"product_id": "P45", "price": 1342}, {"product_id": "P58", "price": 107}], "date_of_purchase": "2018-12-18 23:54:00"}
{"customer_id": "C18", "basket": [{"product_id": "P23", "price": 826}, {"product_id": "P24", "price": 1558}, {"product_id": "P31", "price": 174}], "date_of_purchase": "2018-12-18 17:03:00"}
{"customer_id": "C21", "basket": [{"product_id": "P05", "price": 443}, {"product_id": "P02", "price": 1093}, {"product_id": "P06", "price": 550}], "date_of_purchase": "2018-12-18 09:19:00"}
{"customer_id": "C23", "basket": [{"product_id": "P55", "price": 276}], "date_of_purchase": "2018-12-18 20:44:00"}
{"customer_id": "C34", "basket": [{"product_id": "P53", "price": 1864}], "date_of_purchase": "2018-12-18 21:00:00"}
{"customer_id": "C39", "basket": [{"product_id": "P39", "price": 1521}, {"product_id": "P35", "price": 443}], "date_of_purchase": "2018-12-18 23:54:00"}
{"customer_id": "C45", "basket": [{"product_id": "P37", "price": 738}, {"product_id": "P37", "price": 1082}, {"product_id": "P36", "price": 1267}], "date_of_purchase": "2018-12-18 19:12:00"}
{"customer_id": "C60", "basket": [{"product_id": "P36", "price": 744}], "date_of_purchase": "2018-12-18 04:20:00"}
{"customer_id": "C66", "basket": [{"product_id": "P20", "price": 111}, {"product_id": "P13", "price": 1124}], "date_of_purchase": "2018-12-18 15:32:00"}
{"customer_id": "C68", "basket": [{"product_id": "P59", "price": 1232}, {"product_id": "P57", "price": 1150}, {"product_id": "P59", "price": 993}], "date_of_purchase": "2018-12-18 09:05:00"}
{"customer_id": "C69", "basket": [{"product_id": "P35", "price": 1146}, {"product_id": "P37", "price": 1396}], "date_of_purchase": "2018-12-18 18:34:00"}
{"customer_id": "C81", "basket": [{"product_id": "P09", "price": 419}], "date_of_purchase": "2018-12-18 04:41:00"}
{"customer_id": "C86", "basket": [{"product_id": "P61", "price": 785}], "date_of_purchase": "2018-12-18 21:47:00"}
{"customer_id": "C87", "basket": [{"product_id": "P21", "price": 617}, {"product_id": "P13", "price": 797}], "date_of_purchase": "2018-12-18 11:17:00"}
{"customer_id": "C92", "basket": [{"product_id": "P57", "price": 1278}], "date_of_purchase": "2018-12-18 04:45:00"}
{"customer_id": "C97", "basket": [{"product_id": "P53", "price": 1243}, {"product_id": "P44", "price": 1182}, {"product_id": "P45", "price": 1789}], "date_of_purchase": "2018-12-18 07:34:00"}
{"customer_id": "C110", "basket": [{"product_id": "P57", "price": 1587}], "date_of_purchase": "2018-12-18 06:30:00"}
{"customer_id": "C113", "basket": [{"product_id": "P36", "price": 232}, {"product_id": "P38", "price": 1541}, {"product_id": "P37", "price": 1231}], "date_of_purchase": "2018-12-18 11:09:00"}
{"customer_id": "C116", "basket": [{"product_id": "P37", "price": 1370}, {"product_id": "P36", "price": 226}, {"product_id": "P36", "price": 261}], "date_of_purchase": "2018-12-18 05:41:00"}
{"customer_id": "C122", "basket": [{"product_id": "P33", "price": 1128}], "date_of_purchase": "2018-12-18 05:19:00"}
{"customer_id": "C134", "basket": [{"product_id": "P04", "price": 138}, {"product_id": "P09", "price": 1007}], "date_of_purchase": "2018-12-18 23:30:00"}
