{"customer_id": "C1", "basket": [{"product_id": "P32", "price": 345}, {"product_id": "P28", "price": 238}], "date_of_purchase": "2019-03-01 07:53:00"}
{"customer_id": "C6", "basket": [{"product_id": "P19", "price": 139}, {"product_id": "P20", "price": 1412}], "date_of_purchase": "2019-03-01 17:47:00"}
{"customer_id": "C9", "basket": [{"product_id": "P40", "price": 791}, {"product_id": "P35", "price": 1530}], "date_of_purchase": "2019-03-01 11:00:00"}
{"customer_id": "C13", "basket": [{"product_id": "P63", "price": 1043}, {"product_id": "P61", "price": 158}, {"product_id": "P61", "price": 704}], "date_of_purchase": "2019-03-01 03:20:00"}
{"customer_id": "C16", "basket": [{"product_id": "P40", "price": 458}], "date_of_purchase": "2019-03-01 20:29:00"}
{"customer_id": "C26", "basket": [{"product_id": "P60", "price": 1379}, {"product_id": "P41", "price": 360}, {"product_id": "P46", "price": 1423}], "date_of_purchase": "2019-03-01 04:35:00"}
{"customer_id": "C27", "basket": [{"product_id": "P47", "price": 1901}, {"product_id": "P52", "price": 506}], "date_of_purchase": "2019-03-01 19:48:00"}
{"customer_id": "C42", "basket": [{"product_id": "P46", "price": 595}, {"product_id": "P48", "price": 1171}], "date_of_purchase": "2019-03-01 15:41:00"}
{"customer_id": "C44", "basket": [{"product_id": "P36", "price": 1641}], "date_of_purchase": "2019-03-01 21:45:00"}
{"customer_id": "C53", "basket": [{"product_id": "P31", "price": 464}], "date_of_purchase": "2019-03-01 13:44:00"}
{"customer_id": "C55", "basket": [{"product_id": "P37", "price": 893}, {"product_id": "P38", "price": 390}], "date_of_purchase": "2019-03-01 05:15:00"}
{"customer_id": "C57", "basket": [{"product_id": "P51", "price": 572}, {"product_id": "P42", "price": 1437}], "date_of_purchase": "2019-03-01 17:01:00"}
{"customer_id": "C63", "basket": [{"product_id": "P40", "price": 29}, {"product_id": "P40", "price": 370}], "date_of_purchase": "2019-03-01 16:19:00"}
{"customer_id": "C65", "basket": [{"product_id": "P17", "price": 623}, {"product_id": "P17", "price": 877}], "date_of_purchase": "2019-03-01 11:30:00"}
{"customer_id": "C95", "basket": [{"product_id": "P33", "price": 1233}, {"product_id": "P33", "price": 1103}], "date_of_purchase": "2019-03-01 05:45:00"}
{"customer_id": "C104", "basket": [{"product_id": "P62", "price": 1141}, {"product_id": "P62", "price": 1698}, {"product_id": "P61", "price": 1440}], "date_of_purchase": "2019-03-01 22:14:00"}
{"customer_id": "C108", "basket": [{"product_id": "P64", "price": 152}, {"product_id": "P64", "price": 454}, {"product_id": "P63", "price": 1086}], "date_of_purchase": "2019-03-01 15:37:00"}
{"customer_id": "C122", "basket": [{"product_id": "P35", "price": 175}], "date_of_purchase": "2019-03-01 13:49:00"}
{"customer_id": "C123", "basket": [{"product_id": "P03", "price": 1916}], "date_of_purchase": "2019-03-01 15:44:00"}
{"customer_id": "C132", "basket": [{"product_id": "P26", "price": 42}, {"product_id": "P33", "price": 239}], "date_of_purchase": "2019-03-01 05:40:00"}
{"customer_id": "C135", "basket": [{"product_id": "P28", "price": 327}, {"product_id": "P23", "price": 749}, {"product_id": "P27", "price": 141}], "date_of_purchase": "2019-03-01 19:35:00"}
