{"customer_id": "C3", "basket": [{"product_id": "P36", "price": 571}, {"product_id": "P37", "price": 1672}, {"product_id": "P37", "price": 973}], "date_of_purchase": "2019-01-17 13:47:00"}
{"customer_id": "C11", "basket": [{"product_id": "P49", "price": 110}], "date_of_purchase": "2019-01-17 04:53:00"}
{"customer_id": "C20", "basket": [{"product_id": "P61", "price": 699}, {"product_id": "P64", "price": 675}, {"product_id": "P64", "price": 785}], "date_of_purchase": "2019-01-17 04:25:00"}
{"customer_id": "C24", "basket": [{"product_id": "P37", "price": 1005}], "date_of_purchase": "2019-01-17 22:23:00"}
{"customer_id": "C29", "basket": [{"product_id": "P57", "price": 1658}, {"product_id": "P57", "price": 1849}], "date_of_purchase": "2019-01-17 10:08:00"}
{"customer_id": "C35", "basket": [{"product_id": "P48", "price": 1920}], "date_of_purchase": "2019-01-17 04:44:00"}
{"customer_id": "C43", "basket": [{"product_id": "P24", "price": 1229}, {"product_id": "P32", "price": 1785}, {"product_id": "P23", "price": 500}], "date_of_purchase": "2019-01-17 10:34:00"}
{"customer_id": "C47", "basket": [{"product_id": "P54", "price": 1192}, {"product_id": "P44", "price": 1212}, {"product_id": "P55", "price": 646}], "date_of_purchase": "2019-01-17 03:20:00"}
{"customer_id": "C66", "basket": [{"product_id": "P62", "price": 952}, {"product_id": "P62", "price": 1145}, {"product_id": "P62", "price": 623}], "date_of_purchase": "2019-01-17 12:55:00"}
{"customer_id": "C67", "basket": [{"product_id": "P36", "price": 834}, {"product_id": "P36", "price": 1148}], "date_of_purchase": "2019-01-17 10:48:00"}
{"customer_id": "C69", "basket": [{"product_id": "P39", "price": 140}, {"product_id": "P36", "price": 1255}], "date_of_purchase": "2019-01-17 22:56:00"}
{"customer_id": "C71", "basket": [{"product_id": "P01", "price": 1626}, {"product_id": "P12", "price": 792}, {"product_id": "P03", "price": 1409}], "date_of_purchase": "2019-01-17 10:20:00"}
{"customer_id": "C73", "basket": [{"product_id": "P05", "price": 1203}, {"product_id": "P04", "price": 910}, {"product_id": "P10", "price": 1891}], "date_of_purchase": "2019-01-17 09:39:00"}
{"customer_id": "C81", "basket": [{"product_id": "P18", "price": 1459}, {"product_id": "P20", "price": 377}, {"product_id": "P15", "price": 603}], "date_of_purchase": "2019-01-17 07:42:00"}
{"customer_id": "C82", "basket": [{"product_id": "P02", "price": 763}, {"product_id": "P08", "price": 450}], "date_of_purchase": "2019-01-17 04:12:00"}
{"customer_id": "C86", "basket": [{"product_id": "P61", "price": 248}], "date_of_purchase": "2019-01-17 04:51:00"}
{"customer_id": "C91", "basket": [{"product_id": "P41", "price": 1074}, {"product_id": "P54", "price": 1481}, {"product_id": "P51", "price": 502}], "date_of_purchase": "2019-01-17 14:57:00"}
{"customer_id": "C93", "basket": [{"product_id": "P25", "price": 1122}], "date_of_purchase": "2019-01-17 11:16:00"}
{"customer_id": "C96", "basket": [{"product_id": "P13", "price": 337}, {"product_id": "P13", "price": 413}], "date_of_purchase": "2019-01-17 13:33:00"}
{"customer_id": "C99", "basket": [{"product_id": "P29", "price": 178}, {"product_id": "P27", "price": 229}], "date_of_purchase": "2019-01-17 03:07:00"}
{"customer_id": "C103", "basket": [{"product_id": "P58", "price": 1631}, {"product_id": "P59", "price": 546}], "date_of_purchase": "2019-01-17 22:20:00"}
{"customer_id": "C104", "basket": [{"product_id": "P61", "price": 1053}, {"product_id": "P63", "price": 1791}], "date_of_purchase": "2019-01-17 22:32:00"}
{"customer_id": "C111", "basket": [{"product_id": "P24", "price": 1883}, {"product_id": "P33", "price": 1595}], "date_of_purchase": "2019-01-17 18:24:00"}
{"customer_id": "C113", "basket": [{"product_id": "P43", "price": 977}, {"product_id": "P41", "price": 164}], "date_of_purchase": "2019-01-17 16:48:00"}
{"customer_id": "C114", "basket": [{"product_id": "P10", "price": 745}, {"product_id": "P10", "price": 1346}, {"product_id": "P04", "price": 460}], "date_of_purchase": "2019-01-17 08:18:00"}
{"customer_id": "C115", "basket": [{"product_id": "P38", "price": 1572}], "date_of_purchase": "2019-01-17 21:48:00"}
{"customer_id": "C116", "basket": [{"product_id": "P36", "price": 1168}, {"product_id": "P39", "price": 1147}], "date_of_purchase": "2019-01-17 13:14:00"}
{"customer_id": "C123", "basket": [{"product_id": "P12", "price": 1021}], "date_of_purchase": "2019-01-17 21:57:00"}
{"customer_id": "C129", "basket": [{"product_id": "P32", "price": 394}, {"product_id": "P34", "price": 459}, {"product_id": "P27", "price": 486}], "date_of_purchase": "2019-01-17 21:39:00"}
{"customer_id": "C132", "basket": [{"product_id": "P25", "price": 1423}, {"product_id": "P30", "price": 156}, {"product_id": "P24", "price": 772}], "date_of_purchase": "2019-01-17 06:51:00"}
{"customer_id": "C133", "basket": [{"product_id": "P40", "price": 1673}, {"product_id": "P39", "price": 1761}, {"product_id": "P36", "price": 1577}], "date_of_purchase": "2019-01-17 17:32:00"}
