{"customer_id": "C12", "basket": [{"product_id": "P56", "price": 1948}, {"product_id": "P44", "price": 1637}, {"product_id": "P60", "price": 1997}], "date_of_purchase": "2019-01-29 04:23:00"}
{"customer_id": "C13", "basket": [{"product_id": "P63", "price": 1927}, {"product_id": "P61", "price": 728}, {"product_id": "P61", "price": 143}], "date_of_purchase": "2019-01-29 05:43:00"}
{"customer_id": "C20", "basket": [{"product_id": "P15", "price": 298}, {"product_id": "P14", "price": 1388}, {"product_id": "P19", "price": 817}], "date_of_purchase": "2019-01-29 04:22:00"}
{"customer_id": "C35", "basket": [{"product_id": "P36", "price": 1512}], "date_of_purchase": "2019-01-29 08:49:00"}
{"customer_id": "C37", "basket": [{"product_id": "P60", "price": 1280}], "date_of_purchase": "2019-01-29 16:02:00"}
{"customer_id": "C42", "basket": [{"product_id": "P46", "price": 234}, {"product_id": "P41", "price": 126}], "date_of_purchase": "2019-01-29 11:37:00"}
{"customer_id": "C53", "basket": [{"product_id": "P38", "price": 1692}, {"product_id": "P37", "price": 926}], "date_of_purchase": "2019-01-29 11:10:00"}
{"customer_id": "C59", "basket": [{"product_id": "P40", "price": 1843}], "date_of_purchase": "2019-01-29 09:01:00"}
{"customer_id": "C60", "basket": [{"product_id": "P64", "price": 1024}, {"product_id": "P62", "price": 461}, {"product_id": "P64", "price": 1733}], "date_of_purchase": "2019-01-29 03:28:00"}
{"customer_id": "C63", "basket": [{"product_id": "P05", "price": 1245}], "date_of_purchase": "2019-01-29 15:18:00"}
{"customer_id": "C64", "basket": [{"product_id": "P44", "price": 414}], "date_of_purchase": "2019-01-29 08:36:00"}
{"customer_id": "C65", "basket": [{"product_id": "P18", "price": 1282}], "date_of_purchase": "2019-01-29 07:41:00"}
{"customer_id": "C68", "basket": [{"product_id": "P60", "price": 843}, {"product_id": "P44", "price": 1465}, {"product_id": "P59", "price": 1835}], "date_of_purchase": "2019-01-29 09:25:00"}
{"customer_id": "C70", "basket": [{"product_id": "P36", "price": 1878}, {"product_id": "P39", "price": 87}, {"product_id": "P36", "price": 1652}], "date_of_purchase": "2019-01-29 09:36:00"}
{"customer_id": "C74", "basket": [{"product_id": "P35", "price": 662}, {"product_id": "P35", "price": 1527}], "date_of_purchase": "2019-01-29 04:22:00"}
{"customer_id": "C79", "basket": [{"product_id": "P22", "price": 83}], "date_of_purchase": "2019-01-29 14:06:00"}
{"customer_id": "C84", "basket": [{"product_id": "P24", "price": 1281}, {"product_id": "P28", "price": 934}], "date_of_purchase": "2019-01-29 15:13:00"}
{"customer_id": "C86", "basket": [{"product_id": "P29", "price": 102}, {"product_id": "P25", "price": 1487}, {"product_id": "P23", "price": 1802}], "date_of_purchase": "2019-01-29 12:53:00"}
{"customer_id": "C106", "basket": [{"product_id": "P26", "price": 1590}], "date_of_purchase": "2019-01-29 04:34:00"}
{"customer_id": "C118", "basket": [{"product_id": "P36", "price": 72}], "date_of_purchase": "2019-01-29 08:10:00"}
{"customer_id": "C124", "basket": [{"product_id": "P05", "price": 888}, {"product_id": "P01", "price": 1132}, {"product_id": "P09", "price": 1926}], "date_of_purchase": "2019-01-29 06:40:00"}
{"customer_id": "C131", "basket": [{"product_id": "P24", "price": 820}, {"product_id": "P29", "price": 786}], "date_of_purchase": "2019-01-29 04:47:00"}
{"customer_id": "C132", "basket": [{"product_id": "P31", "price": 1589}, {"product_id": "P22", "price": 1895}], "date_of_purchase": "2019-01-29 23:35:00"}
{"customer_id": "C133", "basket": [{"product_id": "P53", "price": 1977}, {"product_id": "P41", "price": 55}, {"product_id": "P59", "price": 1818}], "date_of_purchase": "2019-01-29 23:33:00"}
