{"customer_id": "C6", "basket": [{"product_id": "P36", "price": 1094}, {"product_id": "P40", "price": 694}], "date_of_purchase": "2019-02-06 09:07:00"}
{"customer_id": "C9", "basket": [{"product_id": "P35", "price": 1277}, {"product_id": "P39", "price": 422}], "date_of_purchase": "2019-02-06 06:46:00"}
{"customer_id": "C23", "basket": [{"product_id": "P58", "price": 1077}], "date_of_purchase": "2019-02-06 13:05:00"}
{"customer_id": "C25", "basket": [{"product_id": "P39", "price": 1494}], "date_of_purchase": "2019-02-06 18:38:00"}
{"customer_id": "C34", "basket": [{"product_id": "P49", "price": 1336}, {"product_id": "P59", "price": 1522}, {"product_id": "P50", "price": 1465}], "date_of_purchase": "2019-02-06 13:06:00"}
{"customer_id": "C36", "basket": [{"product_id": "P42", "price": 1072}], "date_of_purchase": "2019-02-06 19:52:00"}
{"customer_id": "C48", "basket": [{"product_id": "P34", "price": 1310}, {"product_id": "P31", "price": 774}], "date_of_purchase": "2019-02-06 11:44:00"}
{"customer_id": "C57", "basket": [{"product_id": "P11", "price": 1052}, {"product_id": "P01", "price": 1266}], "date_of_purchase": "2019-02-06 14:09:00"}
{"customer_id": "C60", "basket": [{"product_id": "P37", "price": 153}, {"product_id": "P36", "price": 52}], "date_of_purchase": "2019-02-06 22:19:00"}
{"customer_id": "C79", "basket": [{"product_id": "P30", "price": 949}, {"product_id": "P33", "price": 526}], "date_of_purchase": "2019-02-06 18:42:00"}
{"customer_id": "C82", "basket": [{"product_id": "P25", "price": 457}, {"product_id": "P25", "price": 260}, {"product_id": "P24", "price": 1420}], "date_of_purchase": "2019-02-06 03:54:00"}
{"customer_id": "C104", "basket": [{"product_id": "P43", "price": 415}, {"product_id": "P57", "price": 48}], "date_of_purchase": "2019-02-06 03:15:00"}
{"customer_id": "C106", "basket": [{"product_id": "P44", "price": 1627}, {"product_id": "P46", "price": 1599}, {"product_id": "P52", "price": 392}], "date_of_purchase": "2019-02-06 08:42:00"}
{"customer_id": "C115", "basket": [{"product_id": "P36", "price": 1364}, {"product_id": "P38", "price": 359}, {"product_id": "P36", "price": 179}], "date_of_purchase": "2019-02-06 21:30:00"}
{"customer_id": "C116", "basket": [{"product_id": "P36", "price": 1302}], "date_of_purchase": "2019-02-06 14:31:00"}
{"customer_id": "C117", "basket": [{"product_id": "P12", "price": 1545}, {"product_id": "P08", "price": 131}, {"product_id": "P11", "price": 35}], "date_of_purchase": "2019-02-06 23:49:00"}
{"customer_id": "C132", "basket": [{"product_id": "P30", "price": 1052}], "date_of_purchase": "2019-02-06 16:50:00"}
