{"customer_id": "C7", "basket": [{"product_id": "P36", "price": 1111}, {"product_id": "P40", "price": 923}], "date_of_purchase": "2019-02-07 08:52:00"}
{"customer_id": "C23", "basket": [{"product_id": "P41", "price": 1931}], "date_of_purchase": "2019-02-07 21:40:00"}
{"customer_id": "C26", "basket": [{"product_id": "P42", "price": 1623}, {"product_id": "P46", "price": 729}, {"product_id": "P41", "price": 122}], "date_of_purchase": "2019-02-07 19:45:00"}
{"customer_id": "C27", "basket": [{"product_id": "P47", "price": 808}, {"product_id": "P56", "price": 1354}], "date_of_purchase": "2019-02-07 18:00:00"}
{"customer_id": "C32", "basket": [{"product_id": "P40", "price": 863}, {"product_id": "P39", "price": 475}, {"product_id": "P37", "price": 603}], "date_of_purchase": "2019-02-07 20:37:00"}
{"customer_id": "C34", "basket": [{"product_id": "P47", "price": 1438}], "date_of_purchase": "2019-02-07 21:39:00"}
{"customer_id": "C43", "basket": [{"product_id": "P25", "price": 895}], "date_of_purchase": "2019-02-07 07:14:00"}
{"customer_id": "C66", "basket": [{"product_id": "P33", "price": 379}], "date_of_purchase": "2019-02-07 05:09:00"}
{"customer_id": "C70", "basket": [{"product_id": "P08", "price": 767}, {"product_id": "P09", "price": 229}], "date_of_purchase": "2019-02-07 04:52:00"}
{"customer_id": "C74", "basket": [{"product_id": "P35", "price": 526}, {"product_id": "P40", "price": 219}], "date_of_purchase": "2019-02-07 05:42:00"}
{"customer_id": "C77", "basket": [{"product_id": "P41", "price": 706}, {"product_id": "P42", "price": 461}, {"product_id": "P50", "price": 1993}], "date_of_purchase": "2019-02-07 22:43:00"}
{"customer_id": "C86", "basket": [{"product_id": "P45", "price": 1179}, {"product_id": "P55", "price": 1132}], "date_of_purchase": "2019-02-07 16:36:00"}
{"customer_id": "C91", "basket": [{"product_id": "P41", "price": 1660}], "date_of_purchase": "2019-02-07 06:14:00"}
{"customer_id": "C92", "basket": [{"product_id": "P02", "price": 1377}], "date_of_purchase": "2019-02-07 18:58:00"}
{"customer_id": "C94", "basket": [{"product_id": "P64", "price": 31}], "date_of_purchase": "2019-02-07 21:19:00"}
{"customer_id": "C101", "basket": [{"product_id": "P52", "price": 1908}, {"product_id": "P58", "price": 1170}, {"product_id": "P53", "price": 1381}], "date_of_purchase": "2019-02-07 22:46:00"}
{"customer_id": "C109", "basket": [{"product_id": "P08", "price": 617}, {"product_id": "P03", "price": 1886}], "date_of_purchase": "2019-02-07 13:12:00"}
{"customer_id": "C110", "basket": [{"product_id": "P60", "price": 710}, {"product_id": "P47", "price": 236}], "date_of_purchase": "2019-02-07 19:09:00"}
{"customer_id": "C122", "basket": [{"product_id": "P26", "price": 1284}, {"product_id": "P33", "price": 482}, {"product_id": "P30", "price": 663}], "date_of_purchase": "2019-02-07 19:31:00"}
{"customer_id": "C126", "basket": [{"product_id": "P51", "price": 1761}, {"product_id": "P47", "price": 910}, {"product_id": "P57", "price": 399}], "date_of_purchase": "2019-02-07 06:58:00"}
{"customer_id": "C131", "basket": [{"product_id": "P04", "price": 1019}, {"product_id": "P05", "price": 1479}], "date_of_purchase": "2019-02-07 08:20:00"}
{"customer_id": "C132", "basket": [{"product_id": "P30", "price": 293}, {"product_id": "P22", "price": 1545}, {"product_id": "P23", "price": 893}], "date_of_purchase": "2019-02-07 18:35:00"}
{"customer_id": "C134", "basket": [{"product_id": "P04", "price": 1949}], "date_of_purchase": "2019-02-07 05:58:00"}
