{"customer_id": "C4", "basket": [{"product_id": "P19", "price": 1243}], "date_of_purchase": "2019-01-03 03:44:00"}
{"customer_id": "C5", "basket": [{"product_id": "P46", "price": 1548}, {"product_id": "P41", "price": 244}], "date_of_purchase": "2019-01-03 10:51:00"}
{"customer_id": "C9", "basket": [{"product_id": "P36", "price": 342}], "date_of_purchase": "2019-01-03 23:59:00"}
{"customer_id": "C14", "basket": [{"product_id": "P53", "price": 384}, {"product_id": "P56", "price": 1173}], "date_of_purchase": "2019-01-03 23:23:00"}
{"customer_id": "C20", "basket": [{"product_id": "P19", "price": 243}, {"product_id": "P16", "price": 1269}, {"product_id": "P18", "price": 633}], "date_of_purchase": "2019-01-03 10:27:00"}
{"customer_id": "C28", "basket": [{"product_id": "P31", "price": 242}, {"product_id": "P30", "price": 1390}, {"product_id": "P23", "price": 1879}], "date_of_purchase": "2019-01-03 14:07:00"}
{"customer_id": "C29", "basket": [{"product_id": "P42", "price": 1997}, {"product_id": "P50", "price": 212}, {"product_id": "P46", "price": 1972}], "date_of_purchase": "2019-01-03 07:31:00"}
{"customer_id": "C43", "basket": [{"product_id": "P22", "price": 1166}, {"product_id": "P28", "price": 1366}], "date_of_purchase": "2019-01-03 04:04:00"}
{"customer_id": "C52", "basket": [{"product_id": "P39", "price": 319}, {"product_id": "P36", "price": 292}], "date_of_purchase": "2019-01-03 02:54:00"}
{"customer_id": "C54", "basket": [{"product_id": "P40", "price": 683}, {"product_id": "P40", "price": 277}], "date_of_purchase": "2019-01-03 07:45:00"}
{"customer_id": "C65", "basket": [{"product_id": "P21", "price": 65}, {"product_id": "P18", "price": 567}], "date_of_purchase": "2019-01-03 14:32:00"}
{"customer_id": "C69", "basket": [{"product_id": "P39", "price": 1661}, {"product_id": "P35", "price": 1621}, {"product_id": "P35", "price": 1609}], "date_of_purchase": "2019-01-03 12:20:00"}
{"customer_id": "C71", "basket": [{"product_id": "P47", "price": 87}, {"product_id": "P47", "price": 202}, {"product_id": "P54", "price": 1222}], "date_of_purchase": "2019-01-03 05:40:00"}
{"customer_id": "C72", "basket": [{"product_id": "P55", "price": 823}, {"product_id": "P47", "price": 273}, {"product_id": "P47", "price": 463}], "date_of_purchase": "2019-01-03 15:20:00"}
{"customer_id": "C79", "basket": [{"product_id": "P28", "price": 1153}, {"product_id": "P26", "price": 1975}], "date_of_purchase": "2019-01-03 18:35:00"}
{"customer_id": "C81", "basket": [{"product_id": "P13", "price": 1057}], "date_of_purchase": "2019-01-03 18:45:00"}
{"customer_id": "C83", "basket": [{"product_id": "P41", "price": 76}, {"product_id": "P42", "price": 1675}, {"product_id": "P56", "price": 1529}], "date_of_purchase": "2019-01-03 21:50:00"}
{"customer_id": "C86", "basket": [{"product_id": "P64", "price": 1725}, {"product_id": "P62", "price": 1587}], "date_of_purchase": "2019-01-03 10:17:00"}
{"customer_id": "C91", "basket": [{"product_id": "P56", "price": 623}], "date_of_purchase": "2019-01-03 17:38:00"}
{"customer_id": "C94", "basket": [{"product_id": "P64", "price": 1720}], "date_of_purchase": "2019-01-03 21:48:00"}
{"customer_id": "C102", "basket": [{"product_id": "P38", "price": 1229}, {"product_id": "P37", "price": 1173}], "date_of_purchase": "2019-01-03 21:57:00"}
{"customer_id": "C110", "basket": [{"product_id": "P56", "price": 1857}, {"product_id": "P51", "price": 1309}, {"product_id": "P44", "price": 917}], "date_of_purchase": "2019-01-03 14:00:00"}
{"customer_id": "C111", "basket": [{"product_id": "P34", "price": 1241}, {"product_id": "P32", "price": 486}], "date_of_purchase": "2019-01-03 09:27:00"}
{"customer_id": "C113", "basket": [{"product_id": "P44", "price": 992}, {"product_id": "P47", "price": 933}], "date_of_purchase": "2019-01-03 13:53:00"}
{"customer_id": "C128", "basket": [{"product_id": "P46", "price": 1478}, {"product_id": "P47", "price": 1876}], "date_of_purchase": "2019-01-03 15:15:00"}
{"customer_id": "C131", "basket": [{"product_id": "P30", "price": 905}, {"product_id": "P33", "price": 325}], "date_of_purchase": "2019-01-03 08:21:00"}
{"customer_id": "C136", "basket": [{"product_id": "P04", "price": 1928}, {"product_id": "P06", "price": 504}, {"product_id": "P08", "price": 1061}], "date_of_purchase": "2019-01-03 08:47:00"}
