{"customer_id": "C5", "basket": [{"product_id": "P43", "price": 1563}, {"product_id": "P49", "price": 1131}, {"product_id": "P46", "price": 1183}], "date_of_purchase": "2018-12-01 21:29:00"}
{"customer_id": "C9", "basket": [{"product_id": "P36", "price": 15}, {"product_id": "P37", "price": 1572}, {"product_id": "P36", "price": 1715}], "date_of_purchase": "2018-12-01 12:32:00"}
{"customer_id": "C12", "basket": [{"product_id": "P50", "price": 1554}, {"product_id": "P60", "price": 1125}, {"product_id": "P59", "price": 1736}], "date_of_purchase": "2018-12-01 22:00:00"}
{"customer_id": "C20", "basket": [{"product_id": "P20", "price": 1578}, {"product_id": "P13", "price": 536}, {"product_id": "P13", "price": 867}], "date_of_purchase": "2018-12-01 21:41:00"}
{"customer_id": "C21", "basket": [{"product_id": "P09", "price": 1968}, {"product_id": "P08", "price": 753}, {"product_id": "P02", "price": 538}], "date_of_purchase": "2018-12-01 06:00:00"}
{"customer_id": "C23", "basket": [{"product_id": "P50", "price": 1475}, {"product_id": "P43", "price": 1791}], "date_of_purchase": "2018-12-01 21:28:00"}
{"customer_id": "C36", "basket": [{"product_id": "P61", "price": 1500}, {"product_id": "P62", "price": 1773}], "date_of_purchase": "2018-12-01 22:14:00"}
{"customer_id": "C38", "basket": [{"product_id": "P51", "price": 1108}, {"product_id": "P50", "price": 1244}], "date_of_purchase": "2018-12-01 18:26:00"}
{"customer_id": "C41", "basket": [{"product_id": "P51", "price": 686}, {"product_id": "P48", "price": 943}], "date_of_purchase": "2018-12-01 12:28:00"}
{"customer_id": "C51", "basket": [{"product_id": "P62", "price": 1189}, {"product_id": "P62", "price": 1697}], "date_of_purchase": "2018-12-01 13:41:00"}
{"customer_id": "C55", "basket": [{"product_id": "P23", "price": 1167}, {"product_id": "P33", "price": 1381}], "date_of_purchase": "2018-12-01 14:06:00"}
{"customer_id": "C64", "basket": [{"product_id": "P14", "price": 1018}, {"product_id": "P15", "price": 742}], "date_of_purchase": "2018-12-01 21:36:00"}
{"customer_id": "C67", "basket": [{"product_id": "P39", "price": 1250}, {"product_id": "P36", "price": 290}], "date_of_purchase": "2018-12-01 16:18:00"}
{"customer_id": "C79", "basket": [{"product_id": "P31", "price": 275}, {"product_id": "P28", "price": 291}, {"product_id": "P26", "price": 1353}], "date_of_purchase": "2018-12-01 19:14:00"}
{"customer_id": "C82", "basket": [{"product_id": "P05", "price": 366}, {"product_id": "P06", "price": 1771}, {"product_id": "P08", "price": 1356}], "date_of_purchase": "2018-12-01 23:47:00"}
{"customer_id": "C86", "basket": [{"product_id": "P50", "price": 1294}, {"product_id": "P47", "price": 1928}], "date_of_purchase": "2018-12-01 04:38:00"}
{"customer_id": "C91", "basket": [{"product_id": "P36", "price": 856}, {"product_id": "P37", "price": 1037}, {"product_id": "P35", "price": 703}], "date_of_purchase": "2018-12-01 11:11:00"}
{"customer_id": "C97", "basket": [{"product_id": "P20", "price": 312}], "date_of_purchase": "2018-12-01 23:32:00"}
{"customer_id": "C106", "basket": [{"product_id": "P31", "price": 1536}, {"product_id": "P24", "price": 1901}, {"product_id": "P22", "price": 1947}], "date_of_purchase": "2018-12-01 20:55:00"}
{"customer_id": "C113", "basket": [{"product_id": "P37", "price": 315}, {"product_id": "P35", "price": 1882}], "date_of_purchase": "2018-12-01 16:16:00"}
{"customer_id": "C125", "basket": [{"product_id": "P61", "price": 1630}, {"product_id": "P61", "price": 531}, {"product_id": "P64", "price": 232}], "date_of_purchase": "2018-12-01 05:16:00"}
