{"customer_id": "C7", "basket": [{"product_id": "P36", "price": 1457}, {"product_id": "P38", "price": 1484}, {"product_id": "P36", "price": 383}], "date_of_purchase": "2019-02-13 16:32:00"}
{"customer_id": "C8", "basket": [{"product_id": "P40", "price": 316}], "date_of_purchase": "2019-02-13 03:22:00"}
{"customer_id": "C13", "basket": [{"product_id": "P05", "price": 1293}, {"product_id": "P03", "price": 813}], "date_of_purchase": "2019-02-13 21:26:00"}
{"customer_id": "C24", "basket": [{"product_id": "P38", "price": 1648}], "date_of_purchase": "2019-02-13 10:51:00"}
{"customer_id": "C29", "basket": [{"product_id": "P41", "price": 1237}, {"product_id": "P59", "price": 676}, {"product_id": "P58", "price": 960}], "date_of_purchase": "2019-02-13 19:52:00"}
{"customer_id": "C32", "basket": [{"product_id": "P37", "price": 1742}], "date_of_purchase": "2019-02-13 15:48:00"}
{"customer_id": "C33", "basket": [{"product_id": "P50", "price": 241}, {"product_id": "P46", "price": 425}, {"product_id": "P51", "price": 855}], "date_of_purchase": "2019-02-13 19:32:00"}
{"customer_id": "C36", "basket": [{"product_id": "P09", "price": 330}, {"product_id": "P06", "price": 1268}], "date_of_purchase": "2019-02-13 22:12:00"}
{"customer_id": "C46", "basket": [{"product_id": "P40", "price": 1043}, {"product_id": "P37", "price": 298}, {"product_id": "P36", "price": 1600}], "date_of_purchase": "2019-02-13 08:27:00"}
{"customer_id": "C49", "basket": [{"product_id": "P44", "price": 1684}], "date_of_purchase": "2019-02-13 09:47:00"}
{"customer_id": "C54", "basket": [{"product_id": "P40", "price": 1695}, {"product_id": "P37", "price": 810}, {"product_id": "P36", "price": 66}], "date_of_purchase": "2019-02-13 13:56:00"}
{"customer_id": "C64", "basket": [{"product_id": "P14", "price": 967}], "date_of_purchase": "2019-02-13 18:31:00"}
{"customer_id": "C67", "basket": [{"product_id": "P35", "price": 998}, {"product_id": "P37", "price": 1917}], "date_of_purchase": "2019-02-13 03:16:00"}
{"customer_id": "C81", "basket": [{"product_id": "P05", "price": 1024}, {"product_id": "P01", "price": 597}], "date_of_purchase": "2019-02-13 06:08:00"}
{"customer_id": "C92", "basket": [{"product_id": "P50", "price": 132}, {"product_id": "P42", "price": 806}, {"product_id": "P50", "price": 1611}], "date_of_purchase": "2019-02-13 11:36:00"}
{"customer_id": "C97", "basket": [{"product_id": "P56", "price": 1786}, {"product_id": "P53", "price": 1009}], "date_of_purchase": "2019-02-13 16:16:00"}
{"customer_id": "C102", "basket": [{"product_id": "P38", "price": 965}, {"product_id": "P37", "price": 45}, {"product_id": "P39", "price": 1506}], "date_of_purchase": "2019-02-13 13:55:00"}
{"customer_id": "C108", "basket": [{"product_id": "P63", "price": 219}, {"product_id": "P61", "price": 1200}, {"product_id": "P64", "price": 120}], "date_of_purchase": "2019-02-13 13:33:00"}
{"customer_id": "C111", "basket": [{"product_id": "P23", "price": 621}, {"product_id": "P23", "price": 1566}, {"product_id": "P29", "price": 1692}], "date_of_purchase": "2019-02-13 08:55:00"}
{"customer_id": "C113", "basket": [{"product_id": "P43", "price": 1068}, {"product_id": "P60", "price": 237}], "date_of_purchase": "2019-02-13 08:54:00"}
{"customer_id": "C118", "basket": [{"product_id": "P27", "price": 564}, {"product_id": "P26", "price": 151}], "date_of_purchase": "2019-02-13 12:31:00"}
{"customer_id": "C131", "basket": [{"product_id": "P22", "price": 132}, {"product_id": "P34", "price": 421}], "date_of_purchase": "2019-02-13 09:29:00"}
{"customer_id": "C133", "basket": [{"product_id": "P62", "price": 132}, {"product_id": "P63", "price": 297}], "date_of_purchase": "2019-02-13 05:24:00"}
{"customer_id": "C135", "basket": [{"product_id": "P33", "price": 1744}, {"product_id": "P31", "price": 1693}, {"product_id": "P32", "price": 1040}], "date_of_purchase": "2019-02-13 13:49:00"}
