{"customer_id": "C4", "basket": [{"product_id": "P50", "price": 613}, {"product_id": "P57", "price": 1459}], "date_of_purchase": "2019-01-07 07:06:00"}
{"customer_id": "C12", "basket": [{"product_id": "P41", "price": 1327}, {"product_id": "P53", "price": 1273}, {"product_id": "P47", "price": 1422}], "date_of_purchase": "2019-01-07 02:53:00"}
{"customer_id": "C21", "basket": [{"product_id": "P07", "price": 270}], "date_of_purchase": "2019-01-07 23:43:00"}
{"customer_id": "C34", "basket": [{"product_id": "P44", "price": 814}], "date_of_purchase": "2019-01-07 22:40:00"}
{"customer_id": "C43", "basket": [{"product_id": "P25", "price": 941}], "date_of_purchase": "2019-01-07 12:42:00"}
{"customer_id": "C47", "basket": [{"product_id": "P52", "price": 1233}, {"product_id": "P54", "price": 228}, {"product_id": "P53", "price": 116}], "date_of_purchase": "2019-01-07 22:42:00"}
{"customer_id": "C51", "basket": [{"product_id": "P61", "price": 584}], "date_of_purchase": "2019-01-07 04:26:00"}
{"customer_id": "C55", "basket": [{"product_id": "P25", "price": 517}, {"product_id": "P24", "price": 382}], "date_of_purchase": "2019-01-07 21:01:00"}
{"customer_id": "C57", "basket": [{"product_id": "P03", "price": 210}, {"product_id": "P11", "price": 1338}, {"product_id": "P05", "price": 1429}], "date_of_purchase": "2019-01-07 12:59:00"}
{"customer_id": "C59", "basket": [{"product_id": "P51", "price": 1148}, {"product_id": "P51", "price": 198}, {"product_id": "P41", "price": 562}], "date_of_purchase": "2019-01-07 05:33:00"}
{"customer_id": "C65", "basket": [{"product_id": "P13", "price": 144}], "date_of_purchase": "2019-01-07 06:24:00"}
{"customer_id": "C66", "basket": [{"product_id": "P22", "price": 1489}], "date_of_purchase": "2019-01-07 13:36:00"}
{"customer_id": "C71", "basket": [{"product_id": "P10", "price": 1285}, {"product_id": "P12", "price": 243}], "date_of_purchase": "2019-01-07 13:50:00"}
{"customer_id": "C83", "basket": [{"product_id": "P27", "price": 1944}, {"product_id": "P30", "price": 1139}, {"product_id": "P29", "price": 1554}], "date_of_purchase": "2019-01-07 20:24:00"}
{"customer_id": "C87", "basket": [{"product_id": "P29", "price": 1445}], "date_of_purchase": "2019-01-07 09:05:00"}
{"customer_id": "C92", "basket": [{"product_id": "P41", "price": 1180}, {"product_id": "P43", "price": 191}, {"product_id": "P54", "price": 863}], "date_of_purchase": "2019-01-07 02:50:00"}
{"customer_id": "C95", "basket": [{"product_id": "P33", "price": 811}, {"product_id": "P27", "price": 75}], "date_of_purchase": "2019-01-07 11:08:00"}
{"customer_id": "C102", "basket": [{"product_id": "P38", "price": 975}, {"product_id": "P39", "price": 1623}, {"product_id": "P38", "price": 1130}], "date_of_purchase": "2019-01-07 20:32:00"}
{"customer_id": "C104", "basket": [{"product_id": "P62", "price": 222}, {"product_id": "P62", "price": 393}, {"product_id": "P62", "price": 224}], "date_of_purchase": "2019-01-07 17:59:00"}
{"customer_id": "C108", "basket": [{"product_id": "P63", "price": 1666}, {"product_id": "P62", "price": 322}], "date_of_purchase": "2019-01-07 22:11:00"}
{"customer_id": "C110", "basket": [{"product_id": "P57", "price": 1984}, {"product_id": "P54", "price": 1296}], "date_of_purchase": "2019-01-07 13:16:00"}
{"customer_id": "C111", "basket": [{"product_id": "P23", "price": 1762}], "date_of_purchase": "2019-01-07 03:56:00"}
{"customer_id": "C118", "basket": [{"product_id": "P30", "price": 821}, {"product_id": "P29", "price": 697}], "date_of_purchase": "2019-01-07 15:12:00"}
{"customer_id": "C122", "basket": [{"product_id": "P29", "price": 1767}, {"product_id": "P31", "price": 1927}], "date_of_purchase": "2019-01-07 16:22:00"}
{"customer_id": "C123", "basket": [{"product_id": "P08", "price": 1435}, {"product_id": "P04", "price": 1406}], "date_of_purchase": "2019-01-07 08:41:00"}
{"customer_id": "C127", "basket": [{"product_id": "P22", "price": 1921}, {"product_id": "P34", "price": 255}, {"product_id": "P30", "price": 1903}], "date_of_purchase": "2019-01-07 08:58:00"}
{"customer_id": "C131", "basket": [{"product_id": "P34", "price": 1616}, {"product_id": "P30", "price": 1199}], "date_of_purchase": "2019-01-07 10:14:00"}
{"customer_id": "C135", "basket": [{"product_id": "P25", "price": 951}], "date_of_purchase": "2019-01-07 06:17:00"}
