{"customer_id": "C3", "basket": [{"product_id": "P06", "price": 57}, {"product_id": "P12", "price": 1207}], "date_of_purchase": "2019-01-12 23:23:00"}
{"customer_id": "C8", "basket": [{"product_id": "P35", "price": 777}], "date_of_purchase": "2019-01-12 20:15:00"}
{"customer_id": "C12", "basket": [{"product_id": "P43", "price": 1791}, {"product_id": "P51", "price": 40}], "date_of_purchase": "2019-01-12 17:49:00"}
{"customer_id": "C15", "basket": [{"product_id": "P23", "price": 934}, {"product_id": "P31", "price": 1693}, {"product_id": "P22", "price": 842}], "date_of_purchase": "2019-01-12 07:42:00"}
{"customer_id": "C18", "basket": [{"product_id": "P32", "price": 943}, {"product_id": "P27", "price": 515}], "date_of_purchase": "2019-01-12 04:25:00"}
{"customer_id": "C24", "basket": [{"product_id": "P40", "price": 306}, {"product_id": "P39", "price": 680}, {"product_id": "P39", "price": 1439}], "date_of_purchase": "2019-01-12 11:05:00"}
{"customer_id": "C26", "basket": [{"product_id": "P59", "price": 590}, {"product_id": "P50", "price": 191}], "date_of_purchase": "2019-01-12 14:31:00"}
{"customer_id": "C27", "basket": [{"product_id": "P45", "price": 1374}, {"product_id": "P44", "price": 761}, {"product_id": "P43", "price": 16}], "date_of_purchase": "2019-01-12 11:46:00"}
{"customer_id": "C42", "basket": [{"product_id": "P35", "price": 444}, {"product_id": "P39", "price": 1171}, {"product_id": "P36", "price": 1445}], "date_of_purchase": "2019-01-12 10:33:00"}
{"customer_id": "C44", "basket": [{"product_id": "P35", "price": 513}], "date_of_purchase": "2019-01-12 15:32:00"}
{"customer_id": "C64", "basket": [{"product_id": "P34", "price": 76}, {"product_id": "P31", "price": 1980}, {"product_id": "P22", "price": 1134}], "date_of_purchase": "2019-01-12 23:04:00"}
{"customer_id": "C65", "basket": [{"product_id": "P14", "price": 787}, {"product_id": "P19", "price": 1225}], "date_of_purchase": "2019-01-12 06:29:00"}
{"customer_id": "C66", "basket": [{"product_id": "P61", "price": 306}, {"product_id": "P62", "price": 946}], "date_of_purchase": "2019-01-12 22:49:00"}
{"customer_id": "C70", "basket": [{"product_id": "P64", "price": 1601}, {"product_id": "P62", "price": 1438}], "date_of_purchase": "2019-01-12 04:18:00"}
{"customer_id": "C72", "basket": [{"product_id": "P60", "price": 569}, {"product_id": "P52", "price": 1159}, {"product_id": "P50", "price": 172}], "date_of_purchase": "2019-01-12 20:50:00"}
{"customer_id": "C81", "basket": [{"product_id": "P53", "price": 1806}, {"product_id": "P46", "price": 27}, {"product_id": "P56", "price": 1476}], "date_of_purchase": "2019-01-12 08:12:00"}
{"customer_id": "C91", "basket": [{"product_id": "P57", "price": 734}, {"product_id": "P54", "price": 50}, {"product_id": "P46", "price": 462}], "date_of_purchase": "2019-01-12 12:25:00"}
{"customer_id": "C93", "basket": [{"product_id": "P32", "price": 714}, {"product_id": "P28", "price": 782}, {"product_id": "P27", "price": 1110}], "date_of_purchase": "2019-01-12 07:27:00"}
{"customer_id": "C99", "basket": [{"product_id": "P29", "price": 828}, {"product_id": "P25", "price": 964}], "date_of_purchase": "2019-01-12 17:41:00"}
{"customer_id": "C103", "basket": [{"product_id": "P16", "price": 1857}], "date_of_purchase": "2019-01-12 04:19:00"}
{"customer_id": "C111", "basket": [{"product_id": "P30", "price": 166}, {"product_id": "P34", "price": 1001}, {"product_id": "P25", "price": 1065}], "date_of_purchase": "2019-01-12 22:23:00"}
{"customer_id": "C113", "basket": [{"product_id": "P43", "price": 1340}, {"product_id": "P51", "price": 260}, {"product_id": "P56", "price": 1299}], "date_of_purchase": "2019-01-12 15:16:00"}
{"customer_id": "C117", "basket": [{"product_id": "P32", "price": 1452}, {"product_id": "P28", "price": 738}, {"product_id": "P23", "price": 1591}], "date_of_purchase": "2019-01-12 10:23:00"}
{"customer_id": "C118", "basket": [{"product_id": "P21", "price": 468}, {"product_id": "P18", "price": 1381}], "date_of_purchase": "2019-01-12 07:27:00"}
{"customer_id": "C119", "basket": [{"product_id": "P07", "price": 144}, {"product_id": "P11", "price": 969}, {"product_id": "P10", "price": 1916}], "date_of_purchase": "2019-01-12 07:28:00"}
{"customer_id": "C128", "basket": [{"product_id": "P04", "price": 1052}, {"product_id": "P12", "price": 217}], "date_of_purchase": "2019-01-12 12:00:00"}
{"customer_id": "C131", "basket": [{"product_id": "P19", "price": 1288}, {"product_id": "P18", "price": 141}], "date_of_purchase": "2019-01-12 11:05:00"}
