{"customer_id": "C1", "basket": [{"product_id": "P04", "price": 295}, {"product_id": "P05", "price": 145}], "date_of_purchase": "2019-01-14 22:42:00"}
{"customer_id": "C9", "basket": [{"product_id": "P38", "price": 697}, {"product_id": "P39", "price": 1955}], "date_of_purchase": "2019-01-14 23:42:00"}
{"customer_id": "C10", "basket": [{"product_id": "P27", "price": 104}], "date_of_purchase": "2019-01-14 18:08:00"}
{"customer_id": "C12", "basket": [{"product_id": "P56", "price": 1202}], "date_of_purchase": "2019-01-14 06:01:00"}
{"customer_id": "C15", "basket": [{"product_id": "P31", "price": 1066}, {"product_id": "P22", "price": 1625}], "date_of_purchase": "2019-01-14 23:21:00"}
{"customer_id": "C28", "basket": [{"product_id": "P31", "price": 1970}, {"product_id": "P33", "price": 12}, {"product_id": "P22", "price": 1020}], "date_of_purchase": "2019-01-14 19:39:00"}
{"customer_id": "C30", "basket": [{"product_id": "P57", "price": 592}], "date_of_purchase": "2019-01-14 07:49:00"}
{"customer_id": "C47", "basket": [{"product_id": "P43", "price": 779}, {"product_id": "P58", "price": 411}, {"product_id": "P53", "price": 1660}], "date_of_purchase": "2019-01-14 15:54:00"}
{"customer_id": "C48", "basket": [{"product_id": "P62", "price": 1415}, {"product_id": "P64", "price": 474}], "date_of_purchase": "2019-01-14 13:01:00"}
{"customer_id": "C49", "basket": [{"product_id": "P51", "price": 1121}, {"product_id": "P51", "price": 1187}, {"product_id": "P43", "price": 151}], "date_of_purchase": "2019-01-14 05:45:00"}
{"customer_id": "C51", "basket": [{"product_id": "P61", "price": 1594}], "date_of_purchase": "2019-01-14 19:02:00"}
{"customer_id": "C53", "basket": [{"product_id": "P45", "price": 852}, {"product_id": "P49", "price": 642}, {"product_id": "P50", "price": 1336}], "date_of_purchase": "2019-01-14 04:51:00"}
{"customer_id": "C55", "basket": [{"product_id": "P27", "price": 1294}], "date_of_purchase": "2019-01-14 03:44:00"}
{"customer_id": "C60", "basket": [{"product_id": "P37", "price": 396}, {"product_id": "P39", "price": 714}], "date_of_purchase": "2019-01-14 14:57:00"}
{"customer_id": "C61", "basket": [{"product_id": "P53", "price": 629}], "date_of_purchase": "2019-01-14 10:20:00"}
{"customer_id": "C79", "basket": [{"product_id": "P32", "price": 1957}], "date_of_purchase": "2019-01-14 17:45:00"}
{"customer_id": "C86", "basket": [{"product_id": "P54", "price": 626}, {"product_id": "P58", "price": 1699}], "date_of_purchase": "2019-01-14 07:46:00"}
{"customer_id": "C92", "basket": [{"product_id": "P46", "price": 232}], "date_of_purchase": "2019-01-14 17:40:00"}
{"customer_id": "C98", "basket": [{"product_id": "P28", "price": 1583}], "date_of_purchase": "2019-01-14 18:04:00"}
{"customer_id": "C99", "basket": [{"product_id": "P09", "price": 177}], "date_of_purchase": "2019-01-14 07:38:00"}
{"customer_id": "C103", "basket": [{"product_id": "P39", "price": 1942}, {"product_id": "P36", "price": 1523}], "date_of_purchase": "2019-01-14 10:05:00"}
{"customer_id": "C110", "basket": [{"product_id": "P59", "price": 489}], "date_of_purchase": "2019-01-14 18:40:00"}
{"customer_id": "C111", "basket": [{"product_id": "P26", "price": 1519}, {"product_id": "P32", "price": 743}, {"product_id": "P30", "price": 1433}], "date_of_purchase": "2019-01-14 21:34:00"}
{"customer_id": "C117", "basket": [{"product_id": "P22", "price": 169}, {"product_id": "P31", "price": 814}], "date_of_purchase": "2019-01-14 20:22:00"}
{"customer_id": "C121", "basket": [{"product_id": "P38", "price": 1736}, {"product_id": "P37", "price": 1503}, {"product_id": "P38", "price": 479}], "date_of_purchase": "2019-01-14 05:25:00"}
{"customer_id": "C131", "basket": [{"product_id": "P11", "price": 915}, {"product_id": "P03", "price": 1886}], "date_of_purchase": "2019-01-14 22:44:00"}
{"customer_id": "C137", "basket": [{"product_id": "P56", "price": 68}, {"product_id": "P52", "price": 1205}], "date_of_purchase": "2019-01-14 22:22:00"}
