{"customer_id": "C5", "basket": [{"product_id": "P37", "price": 1236}], "date_of_purchase": "2019-02-11 21:56:00"}
{"customer_id": "C14", "basket": [{"product_id": "P30", "price": 1340}, {"product_id": "P27", "price": 252}, {"product_id": "P24", "price": 638}], "date_of_purchase": "2019-02-11 19:18:00"}
{"customer_id": "C16", "basket": [{"product_id": "P35", "price": 610}], "date_of_purchase": "2019-02-11 09:33:00"}
{"customer_id": "C19", "basket": [{"product_id": "P40", "price": 962}, {"product_id": "P37", "price": 571}], "date_of_purchase": "2019-02-11 18:42:00"}
{"customer_id": "C25", "basket": [{"product_id": "P09", "price": 1119}, {"product_id": "P05", "price": 271}, {"product_id": "P09", "price": 1150}], "date_of_purchase": "2019-02-11 17:18:00"}
{"customer_id": "C27", "basket": [{"product_id": "P47", "price": 638}], "date_of_purchase": "2019-02-11 02:50:00"}
{"customer_id": "C31", "basket": [{"product_id": "P36", "price": 1773}], "date_of_purchase": "2019-02-11 18:37:00"}
{"customer_id": "C36", "basket": [{"product_id": "P26", "price": 1351}, {"product_id": "P34", "price": 178}], "date_of_purchase": "2019-02-11 20:19:00"}
{"customer_id": "C45", "basket": [{"product_id": "P46", "price": 1167}, {"product_id": "P57", "price": 606}], "date_of_purchase": "2019-02-11 16:43:00"}
{"customer_id": "C48", "basket": [{"product_id": "P61", "price": 1572}, {"product_id": "P61", "price": 1234}, {"product_id": "P64", "price": 464}], "date_of_purchase": "2019-02-11 03:27:00"}
{"customer_id": "C53", "basket": [{"product_id": "P22", "price": 711}, {"product_id": "P25", "price": 146}, {"product_id": "P33", "price": 847}], "date_of_purchase": "2019-02-11 03:59:00"}
{"customer_id": "C55", "basket": [{"product_id": "P29", "price": 1053}], "date_of_purchase": "2019-02-11 03:39:00"}
{"customer_id": "C57", "basket": [{"product_id": "P08", "price": 251}, {"product_id": "P12", "price": 332}], "date_of_purchase": "2019-02-11 18:26:00"}
{"customer_id": "C68", "basket": [{"product_id": "P42", "price": 1540}, {"product_id": "P43", "price": 708}], "date_of_purchase": "2019-02-11 21:29:00"}
{"customer_id": "C71", "basket": [{"product_id": "P09", "price": 1142}, {"product_id": "P02", "price": 111}, {"product_id": "P07", "price": 1722}], "date_of_purchase": "2019-02-11 10:33:00"}
{"customer_id": "C76", "basket": [{"product_id": "P22", "price": 855}], "date_of_purchase": "2019-02-11 07:19:00"}
{"customer_id": "C77", "basket": [{"product_id": "P60", "price": 508}, {"product_id": "P50", "price": 268}, {"product_id": "P41", "price": 323}], "date_of_purchase": "2019-02-11 18:22:00"}
{"customer_id": "C81", "basket": [{"product_id": "P07", "price": 647}], "date_of_purchase": "2019-02-11 15:06:00"}
{"customer_id": "C84", "basket": [{"product_id": "P31", "price": 1728}, {"product_id": "P26", "price": 1908}], "date_of_purchase": "2019-02-11 09:52:00"}
{"customer_id": "C92", "basket": [{"product_id": "P12", "price": 49}, {"product_id": "P04", "price": 1933}, {"product_id": "P05", "price": 296}], "date_of_purchase": "2019-02-11 23:02:00"}
{"customer_id": "C98", "basket": [{"product_id": "P34", "price": 1999}], "date_of_purchase": "2019-02-11 15:54:00"}
{"customer_id": "C101", "basket": [{"product_id": "P62", "price": 1009}], "date_of_purchase": "2019-02-11 17:27:00"}
{"customer_id": "C102", "basket": [{"product_id": "P38", "price": 1971}], "date_of_purchase": "2019-02-11 14:50:00"}
{"customer_id": "C104", "basket": [{"product_id": "P58", "price": 1223}, {"product_id": "P52", "price": 883}], "date_of_purchase": "2019-02-11 08:31:00"}
{"customer_id": "C108", "basket": [{"product_id": "P41", "price": 1894}], "date_of_purchase": "2019-02-11 20:21:00"}
{"customer_id": "C114", "basket": [{"product_id": "P47", "price": 1827}, {"product_id": "P49", "price": 1548}, {"product_id": "P60", "price": 304}], "date_of_purchase": "2019-02-11 02:52:00"}
{"customer_id": "C117", "basket": [{"product_id": "P31", "price": 1716}], "date_of_purchase": "2019-02-11 16:51:00"}
{"customer_id": "C118", "basket": [{"product_id": "P15", "price": 1792}, {"product_id": "P19", "price": 1102}, {"product_id": "P21", "price": 1439}], "date_of_purchase": "2019-02-11 05:05:00"}
{"customer_id": "C125", "basket": [{"product_id": "P25", "price": 1106}, {"product_id": "P29", "price": 1779}], "date_of_purchase": "2019-02-11 07:28:00"}
{"customer_id": "C128", "basket": [{"product_id": "P49", "price": 644}, {"product_id": "P44", "price": 1243}, {"product_id": "P48", "price": 35}], "date_of_purchase": "2019-02-11 14:07:00"}
