{"customer_id": "C12", "basket": [{"product_id": "P55", "price": 663}], "date_of_purchase": "2019-02-23 03:14:00"}
{"customer_id": "C19", "basket": [{"product_id": "P53", "price": 1208}], "date_of_purchase": "2019-02-23 20:12:00"}
{"customer_id": "C21", "basket": [{"product_id": "P01", "price": 1681}, {"product_id": "P11", "price": 1302}], "date_of_purchase": "2019-02-23 23:44:00"}
{"customer_id": "C27", "basket": [{"product_id": "P41", "price": 1598}, {"product_id": "P47", "price": 1710}], "date_of_purchase": "2019-02-23 11:47:00"}
{"customer_id": "C31", "basket": [{"product_id": "P51", "price": 1982}, {"product_id": "P56", "price": 1318}], "date_of_purchase": "2019-02-23 04:20:00"}
{"customer_id": "C35", "basket": [{"product_id": "P52", "price": 458}, {"product_id": "P44", "price": 1726}, {"product_id": "P60", "price": 145}], "date_of_purchase": "2019-02-23 22:21:00"}
{"customer_id": "C39", "basket": [{"product_id": "P38", "price": 1529}, {"product_id": "P38", "price": 1772}], "date_of_purchase": "2019-02-23 09:09:00"}
{"customer_id": "C42", "basket": [{"product_id": "P46", "price": 523}, {"product_id": "P41", "price": 1095}], "date_of_purchase": "2019-02-23 02:48:00"}
{"customer_id": "C43", "basket": [{"product_id": "P23", "price": 1919}, {"product_id": "P31", "price": 1815}], "date_of_purchase": "2019-02-23 05:46:00"}
{"customer_id": "C47", "basket": [{"product_id": "P53", "price": 529}, {"product_id": "P56", "price": 417}], "date_of_purchase": "2019-02-23 18:14:00"}
{"customer_id": "C56", "basket": [{"product_id": "P01", "price": 482}, {"product_id": "P12", "price": 1457}], "date_of_purchase": "2019-02-23 11:22:00"}
{"customer_id": "C72", "basket": [{"product_id": "P63", "price": 412}, {"product_id": "P62", "price": 41}, {"product_id": "P63", "price": 1405}], "date_of_purchase": "2019-02-23 04:03:00"}
{"customer_id": "C75", "basket": [{"product_id": "P62", "price": 1991}, {"product_id": "P62", "price": 563}], "date_of_purchase": "2019-02-23 22:34:00"}
{"customer_id": "C102", "basket": [{"product_id": "P35", "price": 171}, {"product_id": "P39", "price": 1045}], "date_of_purchase": "2019-02-23 16:17:00"}
{"customer_id": "C107", "basket": [{"product_id": "P35", "price": 1110}, {"product_id": "P37", "price": 1012}, {"product_id": "P39", "price": 1316}], "date_of_purchase": "2019-02-23 19:54:00"}
{"customer_id": "C109", "basket": [{"product_id": "P02", "price": 1420}, {"product_id": "P05", "price": 640}], "date_of_purchase": "2019-02-23 07:52:00"}
{"customer_id": "C112", "basket": [{"product_id": "P29", "price": 1134}, {"product_id": "P29", "price": 2000}], "date_of_purchase": "2019-02-23 10:52:00"}
{"customer_id": "C120", "basket": [{"product_id": "P09", "price": 1426}], "date_of_purchase": "2019-02-23 12:28:00"}
{"customer_id": "C122", "basket": [{"product_id": "P30", "price": 420}, {"product_id": "P26", "price": 1126}], "date_of_purchase": "2019-02-23 06:45:00"}
{"customer_id": "C123", "basket": [{"product_id": "P08", "price": 1899}], "date_of_purchase": "2019-02-23 14:18:00"}
{"customer_id": "C127", "basket": [{"product_id": "P26", "price": 1651}, {"product_id": "P28", "price": 548}], "date_of_purchase": "2019-02-23 04:39:00"}
{"customer_id": "C129", "basket": [{"product_id": "P34", "price": 1722}, {"product_id": "P31", "price": 536}], "date_of_purchase": "2019-02-23 23:40:00"}
