{"customer_id": "C2", "basket": [{"product_id": "P05", "price": 311}, {"product_id": "P09", "price": 842}], "date_of_purchase": "2018-12-29 08:08:00"}
{"customer_id": "C8", "basket": [{"product_id": "P28", "price": 1790}], "date_of_purchase": "2018-12-29 13:31:00"}
{"customer_id": "C13", "basket": [{"product_id": "P60", "price": 380}], "date_of_purchase": "2018-12-29 07:34:00"}
{"customer_id": "C27", "basket": [{"product_id": "P20", "price": 1899}, {"product_id": "P17", "price": 1205}], "date_of_purchase": "2018-12-29 22:18:00"}
{"customer_id": "C40", "basket": [{"product_id": "P28", "price": 1956}], "date_of_purchase": "2018-12-29 12:49:00"}
{"customer_id": "C42", "basket": [{"product_id": "P34", "price": 1173}], "date_of_purchase": "2018-12-29 11:18:00"}
{"customer_id": "C43", "basket": [{"product_id": "P01", "price": 58}, {"product_id": "P04", "price": 117}], "date_of_purchase": "2018-12-29 16:40:00"}
{"customer_id": "C44", "basket": [{"product_id": "P09", "price": 486}], "date_of_purchase": "2018-12-29 12:40:00"}
{"customer_id": "C47", "basket": [{"product_id": "P49", "price": 1576}, {"product_id": "P56", "price": 513}], "date_of_purchase": "2018-12-29 16:02:00"}
{"customer_id": "C48", "basket": [{"product_id": "P62", "price": 620}, {"product_id": "P62", "price": 1697}], "date_of_purchase": "2018-12-29 04:13:00"}
{"customer_id": "C53", "basket": [{"product_id": "P42", "price": 162}], "date_of_purchase": "2018-12-29 18:08:00"}
{"customer_id": "C79", "basket": [{"product_id": "P24", "price": 261}], "date_of_purchase": "2018-12-29 16:44:00"}
{"customer_id": "C80", "basket": [{"product_id": "P32", "price": 668}], "date_of_purchase": "2018-12-29 03:48:00"}
{"customer_id": "C82", "basket": [{"product_id": "P29", "price": 865}, {"product_id": "P26", "price": 136}], "date_of_purchase": "2018-12-29 19:41:00"}
{"customer_id": "C85", "basket": [{"product_id": "P60", "price": 629}], "date_of_purchase": "2018-12-29 07:22:00"}
{"customer_id": "C102", "basket": [{"product_id": "P37", "price": 769}, {"product_id": "P40", "price": 208}], "date_of_purchase": "2018-12-29 04:58:00"}
{"customer_id": "C103", "basket": [{"product_id": "P48", "price": 470}, {"product_id": "P47", "price": 916}, {"product_id": "P56", "price": 1591}], "date_of_purchase": "2018-12-29 04:31:00"}
{"customer_id": "C107", "basket": [{"product_id": "P35", "price": 1683}], "date_of_purchase": "2018-12-29 20:47:00"}
{"customer_id": "C108", "basket": [{"product_id": "P43", "price": 1189}, {"product_id": "P60", "price": 1858}, {"product_id": "P54", "price": 1409}], "date_of_purchase": "2018-12-29 04:04:00"}
{"customer_id": "C113", "basket": [{"product_id": "P37", "price": 800}, {"product_id": "P37", "price": 730}, {"product_id": "P35", "price": 1415}], "date_of_purchase": "2018-12-29 19:26:00"}
{"customer_id": "C117", "basket": [{"product_id": "P29", "price": 618}, {"product_id": "P32", "price": 704}, {"product_id": "P26", "price": 1308}], "date_of_purchase": "2018-12-29 14:58:00"}
{"customer_id": "C118", "basket": [{"product_id": "P30", "price": 1010}], "date_of_purchase": "2018-12-29 05:15:00"}
{"customer_id": "C135", "basket": [{"product_id": "P26", "price": 1274}, {"product_id": "P30", "price": 1211}], "date_of_purchase": "2018-12-29 22:28:00"}
{"customer_id": "C136", "basket": [{"product_id": "P27", "price": 633}, {"product_id": "P33", "price": 899}], "date_of_purchase": "2018-12-29 21:15:00"}
