{"customer_id": "C7", "basket": [{"product_id": "P38", "price": 1003}], "date_of_purchase": "2019-02-16 04:15:00"}
{"customer_id": "C9", "basket": [{"product_id": "P35", "price": 961}], "date_of_purchase": "2019-02-16 18:55:00"}
{"customer_id": "C26", "basket": [{"product_id": "P45", "price": 802}], "date_of_purchase": "2019-02-16 16:26:00"}
{"customer_id": "C27", "basket": [{"product_id": "P18", "price": 1131}, {"product_id": "P18", "price": 1794}], "date_of_purchase": "2019-02-16 14:02:00"}
{"customer_id": "C34", "basket": [{"product_id": "P54", "price": 1713}], "date_of_purchase": "2019-02-16 08:53:00"}
{"customer_id": "C35", "basket": [{"product_id": "P44", "price": 991}], "date_of_purchase": "2019-02-16 11:30:00"}
{"customer_id": "C48", "basket": [{"product_id": "P62", "price": 911}, {"product_id": "P62", "price": 341}, {"product_id": "P64", "price": 1759}], "date_of_purchase": "2019-02-16 09:22:00"}
{"customer_id": "C52", "basket": [{"product_id": "P35", "price": 1134}, {"product_id": "P36", "price": 747}], "date_of_purchase": "2019-02-16 07:46:00"}
{"customer_id": "C53", "basket": [{"product_id": "P39", "price": 833}, {"product_id": "P39", "price": 32}], "date_of_purchase": "2019-02-16 13:48:00"}
{"customer_id": "C61", "basket": [{"product_id": "P48", "price": 237}], "date_of_purchase": "2019-02-16 15:13:00"}
{"customer_id": "C69", "basket": [{"product_id": "P36", "price": 1507}, {"product_id": "P39", "price": 507}], "date_of_purchase": "2019-02-16 19:08:00"}
{"customer_id": "C79", "basket": [{"product_id": "P32", "price": 1442}, {"product_id": "P27", "price": 572}], "date_of_purchase": "2019-02-16 03:36:00"}
{"customer_id": "C80", "basket": [{"product_id": "P29", "price": 1282}, {"product_id": "P23", "price": 1528}], "date_of_purchase": "2019-02-16 15:44:00"}
{"customer_id": "C81", "basket": [{"product_id": "P45", "price": 1304}, {"product_id": "P53", "price": 572}], "date_of_purchase": "2019-02-16 18:40:00"}
{"customer_id": "C93", "basket": [{"product_id": "P27", "price": 91}], "date_of_purchase": "2019-02-16 10:30:00"}
{"customer_id": "C102", "basket": [{"product_id": "P58", "price": 182}], "date_of_purchase": "2019-02-16 17:55:00"}
{"customer_id": "C103", "basket": [{"product_id": "P16", "price": 1536}, {"product_id": "P15", "price": 300}, {"product_id": "P18", "price": 549}], "date_of_purchase": "2019-02-16 04:17:00"}
{"customer_id": "C104", "basket": [{"product_id": "P59", "price": 367}], "date_of_purchase": "2019-02-16 18:15:00"}
{"customer_id": "C106", "basket": [{"product_id": "P56", "price": 524}, {"product_id": "P48", "price": 1525}], "date_of_purchase": "2019-02-16 07:22:00"}
{"customer_id": "C108", "basket": [{"product_id": "P54", "price": 1107}, {"product_id": "P47", "price": 60}], "date_of_purchase": "2019-02-16 18:44:00"}
{"customer_id": "C111", "basket": [{"product_id": "P22", "price": 1151}, {"product_id": "P25", "price": 1216}, {"product_id": "P28", "price": 988}], "date_of_purchase": "2019-02-16 13:46:00"}
{"customer_id": "C118", "basket": [{"product_id": "P36", "price": 1449}, {"product_id": "P38", "price": 888}], "date_of_purchase": "2019-02-16 16:01:00"}
{"customer_id": "C119", "basket": [{"product_id": "P01", "price": 1701}], "date_of_purchase": "2019-02-16 09:22:00"}
{"customer_id": "C123", "basket": [{"product_id": "P03", "price": 1694}, {"product_id": "P01", "price": 119}, {"product_id": "P04", "price": 160}], "date_of_purchase": "2019-02-16 19:57:00"}
{"customer_id": "C127", "basket": [{"product_id": "P32", "price": 1035}, {"product_id": "P22", "price": 1442}], "date_of_purchase": "2019-02-16 11:05:00"}
{"customer_id": "C131", "basket": [{"product_id": "P22", "price": 422}, {"product_id": "P24", "price": 567}], "date_of_purchase": "2019-02-16 14:08:00"}
{"customer_id": "C132", "basket": [{"product_id": "P23", "price": 1827}, {"product_id": "P25", "price": 627}], "date_of_purchase": "2019-02-16 12:25:00"}
{"customer_id": "C133", "basket": [{"product_id": "P27", "price": 343}, {"product_id": "P24", "price": 262}], "date_of_purchase": "2019-02-16 13:24:00"}
