{"customer_id": "C2", "basket": [{"product_id": "P44", "price": 1701}], "date_of_purchase": "2019-02-22 19:39:00"}
{"customer_id": "C4", "basket": [{"product_id": "P41", "price": 885}], "date_of_purchase": "2019-02-22 13:45:00"}
{"customer_id": "C6", "basket": [{"product_id": "P14", "price": 1176}], "date_of_purchase": "2019-02-22 19:04:00"}
{"customer_id": "C7", "basket": [{"product_id": "P35", "price": 789}, {"product_id": "P36", "price": 1838}], "date_of_purchase": "2019-02-22 12:16:00"}
{"customer_id": "C17", "basket": [{"product_id": "P06", "price": 824}, {"product_id": "P12", "price": 938}, {"product_id": "P05", "price": 1534}], "date_of_purchase": "2019-02-22 05:10:00"}
{"customer_id": "C18", "basket": [{"product_id": "P06", "price": 1441}, {"product_id": "P08", "price": 170}], "date_of_purchase": "2019-02-22 17:42:00"}
{"customer_id": "C21", "basket": [{"product_id": "P05", "price": 1195}, {"product_id": "P04", "price": 1730}, {"product_id": "P01", "price": 1720}], "date_of_purchase": "2019-02-22 21:05:00"}
{"customer_id": "C34", "basket": [{"product_id": "P46", "price": 1924}, {"product_id": "P56", "price": 1997}], "date_of_purchase": "2019-02-22 14:43:00"}
{"customer_id": "C36", "basket": [{"product_id": "P62", "price": 416}, {"product_id": "P62", "price": 934}], "date_of_purchase": "2019-02-22 14:03:00"}
{"customer_id": "C38", "basket": [{"product_id": "P55", "price": 1187}, {"product_id": "P60", "price": 1998}], "date_of_purchase": "2019-02-22 07:50:00"}
{"customer_id": "C40", "basket": [{"product_id": "P47", "price": 1969}, {"product_id": "P48", "price": 83}, {"product_id": "P58", "price": 718}], "date_of_purchase": "2019-02-22 09:53:00"}
{"customer_id": "C53", "basket": [{"product_id": "P57", "price": 1020}], "date_of_purchase": "2019-02-22 23:05:00"}
{"customer_id": "C55", "basket": [{"product_id": "P37", "price": 1}], "date_of_purchase": "2019-02-22 15:36:00"}
{"customer_id": "C57", "basket": [{"product_id": "P52", "price": 1296}, {"product_id": "P58", "price": 1035}], "date_of_purchase": "2019-02-22 07:43:00"}
{"customer_id": "C60", "basket": [{"product_id": "P40", "price": 1863}, {"product_id": "P37", "price": 630}], "date_of_purchase": "2019-02-22 05:44:00"}
{"customer_id": "C63", "basket": [{"product_id": "P40", "price": 1523}, {"product_id": "P39", "price": 299}], "date_of_purchase": "2019-02-22 09:56:00"}
{"customer_id": "C68", "basket": [{"product_id": "P41", "price": 1658}, {"product_id": "P51", "price": 1676}, {"product_id": "P43", "price": 174}], "date_of_purchase": "2019-02-22 16:07:00"}
{"customer_id": "C77", "basket": [{"product_id": "P52", "price": 1473}, {"product_id": "P59", "price": 74}], "date_of_purchase": "2019-02-22 13:59:00"}
{"customer_id": "C79", "basket": [{"product_id": "P24", "price": 544}, {"product_id": "P28", "price": 1142}, {"product_id": "P32", "price": 474}], "date_of_purchase": "2019-02-22 05:56:00"}
{"customer_id": "C85", "basket": [{"product_id": "P61", "price": 1886}, {"product_id": "P62", "price": 1063}, {"product_id": "P63", "price": 1145}], "date_of_purchase": "2019-02-22 17:21:00"}
{"customer_id": "C86", "basket": [{"product_id": "P64", "price": 436}], "date_of_purchase": "2019-02-22 15:17:00"}
{"customer_id": "C88", "basket": [{"product_id": "P35", "price": 1518}, {"product_id": "P37", "price": 356}, {"product_id": "P37", "price": 1222}], "date_of_purchase": "2019-02-22 14:26:00"}
{"customer_id": "C92", "basket": [{"product_id": "P56", "price": 92}, {"product_id": "P53", "price": 1412}, {"product_id": "P51", "price": 997}], "date_of_purchase": "2019-02-22 22:43:00"}
{"customer_id": "C103", "basket": [{"product_id": "P51", "price": 1602}, {"product_id": "P52", "price": 64}], "date_of_purchase": "2019-02-22 16:15:00"}
{"customer_id": "C109", "basket": [{"product_id": "P64", "price": 389}, {"product_id": "P62", "price": 426}, {"product_id": "P64", "price": 1721}], "date_of_purchase": "2019-02-22 02:48:00"}
{"customer_id": "C117", "basket": [{"product_id": "P14", "price": 86}, {"product_id": "P20", "price": 1989}, {"product_id": "P17", "price": 1741}], "date_of_purchase": "2019-02-22 05:23:00"}
{"customer_id": "C122", "basket": [{"product_id": "P34", "price": 1321}, {"product_id": "P32", "price": 546}], "date_of_purchase": "2019-02-22 09:01:00"}
{"customer_id": "C129", "basket": [{"product_id": "P23", "price": 1529}, {"product_id": "P29", "price": 113}, {"product_id": "P34", "price": 1010}], "date_of_purchase": "2019-02-22 09:58:00"}
{"customer_id": "C132", "basket": [{"product_id": "P26", "price": 1741}], "date_of_purchase": "2019-02-22 07:45:00"}
