{"customer_id": "C10", "basket": [{"product_id": "P37", "price": 1859}], "date_of_purchase": "2019-01-18 10:36:00"}
{"customer_id": "C12", "basket": [{"product_id": "P46", "price": 1719}, {"product_id": "P41", "price": 819}], "date_of_purchase": "2019-01-18 23:52:00"}
{"customer_id": "C19", "basket": [{"product_id": "P07", "price": 1396}, {"product_id": "P08", "price": 486}, {"product_id": "P09", "price": 424}], "date_of_purchase": "2019-01-18 07:30:00"}
{"customer_id": "C20", "basket": [{"product_id": "P14", "price": 1033}, {"product_id": "P19", "price": 284}, {"product_id": "P13", "price": 807}], "date_of_purchase": "2019-01-18 03:59:00"}
{"customer_id": "C33", "basket": [{"product_id": "P51", "price": 1962}, {"product_id": "P44", "price": 1999}, {"product_id": "P47", "price": 771}], "date_of_purchase": "2019-01-18 07:02:00"}
{"customer_id": "C42", "basket": [{"product_id": "P38", "price": 886}, {"product_id": "P38", "price": 1631}], "date_of_purchase": "2019-01-18 21:18:00"}
{"customer_id": "C56", "basket": [{"product_id": "P12", "price": 1648}], "date_of_purchase": "2019-01-18 05:32:00"}
{"customer_id": "C67", "basket": [{"product_id": "P39", "price": 1325}], "date_of_purchase": "2019-01-18 22:13:00"}
{"customer_id": "C78", "basket": [{"product_id": "P61", "price": 449}, {"product_id": "P61", "price": 1505}], "date_of_purchase": "2019-01-18 14:44:00"}
{"customer_id": "C82", "basket": [{"product_id": "P12", "price": 696}, {"product_id": "P09", "price": 1150}, {"product_id": "P04", "price": 422}], "date_of_purchase": "2019-01-18 21:59:00"}
{"customer_id": "C84", "basket": [{"product_id": "P48", "price": 1660}], "date_of_purchase": "2019-01-18 14:22:00"}
{"customer_id": "C93", "basket": [{"product_id": "P34", "price": 174}, {"product_id": "P34", "price": 1058}], "date_of_purchase": "2019-01-18 07:55:00"}
{"customer_id": "C110", "basket": [{"product_id": "P43", "price": 479}, {"product_id": "P52", "price": 1212}], "date_of_purchase": "2019-01-18 09:19:00"}
{"customer_id": "C112", "basket": [{"product_id": "P28", "price": 612}], "date_of_purchase": "2019-01-18 10:37:00"}
{"customer_id": "C113", "basket": [{"product_id": "P60", "price": 1137}, {"product_id": "P49", "price": 689}], "date_of_purchase": "2019-01-18 16:59:00"}
{"customer_id": "C114", "basket": [{"product_id": "P01", "price": 1529}, {"product_id": "P04", "price": 1964}], "date_of_purchase": "2019-01-18 10:41:00"}
{"customer_id": "C117", "basket": [{"product_id": "P25", "price": 1513}], "date_of_purchase": "2019-01-18 06:03:00"}
{"customer_id": "C123", "basket": [{"product_id": "P11", "price": 1397}, {"product_id": "P08", "price": 451}, {"product_id": "P06", "price": 60}], "date_of_purchase": "2019-01-18 10:45:00"}
{"customer_id": "C125", "basket": [{"product_id": "P62", "price": 977}, {"product_id": "P62", "price": 844}], "date_of_purchase": "2019-01-18 20:34:00"}
{"customer_id": "C128", "basket": [{"product_id": "P41", "price": 152}, {"product_id": "P51", "price": 17}], "date_of_purchase": "2019-01-18 10:40:00"}
