{"customer_id": "C3", "basket": [{"product_id": "P62", "price": 54}], "date_of_purchase": "2019-02-21 22:37:00"}
{"customer_id": "C4", "basket": [{"product_id": "P20", "price": 79}], "date_of_purchase": "2019-02-21 11:51:00"}
{"customer_id": "C7", "basket": [{"product_id": "P37", "price": 1047}, {"product_id": "P35", "price": 1655}], "date_of_purchase": "2019-02-21 05:36:00"}
{"customer_id": "C8", "basket": [{"product_id": "P57", "price": 1776}, {"product_id": "P54", "price": 356}], "date_of_purchase": "2019-02-21 20:11:00"}
{"customer_id": "C9", "basket": [{"product_id": "P35", "price": 1873}, {"product_id": "P35", "price": 173}], "date_of_purchase": "2019-02-21 21:58:00"}
{"customer_id": "C14", "basket": [{"product_id": "P33", "price": 928}, {"product_id": "P28", "price": 658}, {"product_id": "P24", "price": 556}], "date_of_purchase": "2019-02-21 07:36:00"}
{"customer_id": "C16", "basket": [{"product_id": "P39", "price": 1047}, {"product_id": "P38", "price": 1329}], "date_of_purchase": "2019-02-21 08:59:00"}
{"customer_id": "C23", "basket": [{"product_id": "P45", "price": 1827}, {"product_id": "P57", "price": 1797}], "date_of_purchase": "2019-02-21 04:26:00"}
{"customer_id": "C42", "basket": [{"product_id": "P22", "price": 1557}], "date_of_purchase": "2019-02-21 15:26:00"}
{"customer_id": "C56", "basket": [{"product_id": "P17", "price": 1950}], "date_of_purchase": "2019-02-21 04:43:00"}
{"customer_id": "C57", "basket": [{"product_id": "P60", "price": 1479}, {"product_id": "P52", "price": 948}], "date_of_purchase": "2019-02-21 22:31:00"}
{"customer_id": "C61", "basket": [{"product_id": "P32", "price": 892}], "date_of_purchase": "2019-02-21 15:56:00"}
{"customer_id": "C68", "basket": [{"product_id": "P46", "price": 1491}], "date_of_purchase": "2019-02-21 10:17:00"}
{"customer_id": "C71", "basket": [{"product_id": "P42", "price": 720}, {"product_id": "P60", "price": 977}, {"product_id": "P43", "price": 1349}], "date_of_purchase": "2019-02-21 05:28:00"}
{"customer_id": "C75", "basket": [{"product_id": "P45", "price": 1722}], "date_of_purchase": "2019-02-21 22:52:00"}
{"customer_id": "C78", "basket": [{"product_id": "P63", "price": 1023}, {"product_id": "P62", "price": 1331}, {"product_id": "P61", "price": 1858}], "date_of_purchase": "2019-02-21 07:17:00"}
{"customer_id": "C80", "basket": [{"product_id": "P34", "price": 884}, {"product_id": "P33", "price": 614}], "date_of_purchase": "2019-02-21 12:48:00"}
{"customer_id": "C83", "basket": [{"product_id": "P46", "price": 266}], "date_of_purchase": "2019-02-21 19:36:00"}
{"customer_id": "C93", "basket": [{"product_id": "P23", "price": 453}, {"product_id": "P34", "price": 195}, {"product_id": "P32", "price": 1529}], "date_of_purchase": "2019-02-21 05:04:00"}
{"customer_id": "C97", "basket": [{"product_id": "P21", "price": 633}], "date_of_purchase": "2019-02-21 04:41:00"}
{"customer_id": "C106", "basket": [{"product_id": "P34", "price": 1733}], "date_of_purchase": "2019-02-21 22:48:00"}
{"customer_id": "C108", "basket": [{"product_id": "P63", "price": 224}, {"product_id": "P64", "price": 238}, {"product_id": "P61", "price": 1633}], "date_of_purchase": "2019-02-21 19:16:00"}
{"customer_id": "C109", "basket": [{"product_id": "P07", "price": 973}], "date_of_purchase": "2019-02-21 11:32:00"}
{"customer_id": "C110", "basket": [{"product_id": "P52", "price": 788}, {"product_id": "P48", "price": 581}, {"product_id": "P46", "price": 912}], "date_of_purchase": "2019-02-21 05:59:00"}
{"customer_id": "C111", "basket": [{"product_id": "P30", "price": 1746}, {"product_id": "P23", "price": 652}], "date_of_purchase": "2019-02-21 23:40:00"}
{"customer_id": "C112", "basket": [{"product_id": "P25", "price": 710}, {"product_id": "P25", "price": 419}, {"product_id": "P25", "price": 1454}], "date_of_purchase": "2019-02-21 16:19:00"}
{"customer_id": "C113", "basket": [{"product_id": "P36", "price": 664}, {"product_id": "P40", "price": 273}, {"product_id": "P35", "price": 1665}], "date_of_purchase": "2019-02-21 23:09:00"}
{"customer_id": "C116", "basket": [{"product_id": "P38", "price": 1741}, {"product_id": "P35", "price": 1964}], "date_of_purchase": "2019-02-21 09:34:00"}
{"customer_id": "C119", "basket": [{"product_id": "P36", "price": 1793}, {"product_id": "P36", "price": 484}, {"product_id": "P36", "price": 83}], "date_of_purchase": "2019-02-21 09:21:00"}
{"customer_id": "C123", "basket": [{"product_id": "P10", "price": 956}, {"product_id": "P03", "price": 526}], "date_of_purchase": "2019-02-21 20:22:00"}
{"customer_id": "C124", "basket": [{"product_id": "P48", "price": 937}, {"product_id": "P52", "price": 122}, {"product_id": "P49", "price": 1739}], "date_of_purchase": "2019-02-21 14:43:00"}
{"customer_id": "C127", "basket": [{"product_id": "P33", "price": 1847}, {"product_id": "P33", "price": 852}, {"product_id": "P23", "price": 960}], "date_of_purchase": "2019-02-21 04:10:00"}
{"customer_id": "C128", "basket": [{"product_id": "P23", "price": 1313}, {"product_id": "P25", "price": 638}, {"product_id": "P24", "price": 153}], "date_of_purchase": "2019-02-21 18:06:00"}
{"customer_id": "C134", "basket": [{"product_id": "P36", "price": 896}, {"product_id": "P35", "price": 362}], "date_of_purchase": "2019-02-21 06:09:00"}
{"customer_id": "C135", "basket": [{"product_id": "P31", "price": 1694}, {"product_id": "P32", "price": 553}], "date_of_purchase": "2019-02-21 15:40:00"}
{"customer_id": "C137", "basket": [{"product_id": "P01", "price": 1708}, {"product_id": "P01", "price": 643}, {"product_id": "P05", "price": 1429}], "date_of_purchase": "2019-02-21 09:24:00"}
