{"customer_id": "C1", "basket": [{"product_id": "P45", "price": 1649}, {"product_id": "P51", "price": 1445}, {"product_id": "P51", "price": 1674}], "date_of_purchase": "2019-01-01 22:56:00"}
{"customer_id": "C3", "basket": [{"product_id": "P63", "price": 388}, {"product_id": "P64", "price": 467}, {"product_id": "P63", "price": 1901}], "date_of_purchase": "2019-01-01 08:41:00"}
{"customer_id": "C5", "basket": [{"product_id": "P55", "price": 677}], "date_of_purchase": "2019-01-01 21:48:00"}
{"customer_id": "C9", "basket": [{"product_id": "P37", "price": 333}], "date_of_purchase": "2019-01-01 16:05:00"}
{"customer_id": "C13", "basket": [{"product_id": "P63", "price": 1249}, {"product_id": "P64", "price": 507}, {"product_id": "P62", "price": 1693}], "date_of_purchase": "2019-01-01 19:47:00"}
{"customer_id": "C14", "basket": [{"product_id": "P39", "price": 403}], "date_of_purchase": "2019-01-01 13:17:00"}
{"customer_id": "C20", "basket": [{"product_id": "P13", "price": 1315}, {"product_id": "P20", "price": 259}, {"product_id": "P19", "price": 915}], "date_of_purchase": "2019-01-01 11:50:00"}
{"customer_id": "C21", "basket": [{"product_id": "P02", "price": 1050}], "date_of_purchase": "2019-01-01 05:15:00"}
{"customer_id": "C23", "basket": [{"product_id": "P49", "price": 1110}], "date_of_purchase": "2019-01-01 08:26:00"}
{"customer_id": "C29", "basket": [{"product_id": "P50", "price": 1708}, {"product_id": "P59", "price": 532}, {"product_id": "P51", "price": 173}], "date_of_purchase": "2019-01-01 11:33:00"}
{"customer_id": "C34", "basket": [{"product_id": "P55", "price": 209}, {"product_id": "P57", "price": 1716}], "date_of_purchase": "2019-01-01 10:45:00"}
{"customer_id": "C35", "basket": [{"product_id": "P44", "price": 1122}, {"product_id": "P54", "price": 1903}], "date_of_purchase": "2019-01-01 09:37:00"}
{"customer_id": "C42", "basket": [{"product_id": "P28", "price": 142}], "date_of_purchase": "2019-01-01 03:50:00"}
{"customer_id": "C57", "basket": [{"product_id": "P42", "price": 668}], "date_of_purchase": "2019-01-01 03:44:00"}
{"customer_id": "C61", "basket": [{"product_id": "P58", "price": 1746}, {"product_id": "P56", "price": 239}, {"product_id": "P56", "price": 1189}], "date_of_purchase": "2019-01-01 15:57:00"}
{"customer_id": "C68", "basket": [{"product_id": "P55", "price": 249}, {"product_id": "P49", "price": 1595}, {"product_id": "P45", "price": 1155}], "date_of_purchase": "2019-01-01 09:56:00"}
{"customer_id": "C72", "basket": [{"product_id": "P56", "price": 1410}, {"product_id": "P60", "price": 1231}], "date_of_purchase": "2019-01-01 15:42:00"}
{"customer_id": "C82", "basket": [{"product_id": "P32", "price": 165}, {"product_id": "P25", "price": 338}, {"product_id": "P29", "price": 288}], "date_of_purchase": "2019-01-01 07:27:00"}
{"customer_id": "C86", "basket": [{"product_id": "P50", "price": 816}, {"product_id": "P45", "price": 1490}, {"product_id": "P49", "price": 985}], "date_of_purchase": "2019-01-01 20:29:00"}
{"customer_id": "C108", "basket": [{"product_id": "P64", "price": 1778}], "date_of_purchase": "2019-01-01 03:39:00"}
{"customer_id": "C111", "basket": [{"product_id": "P26", "price": 531}, {"product_id": "P23", "price": 617}], "date_of_purchase": "2019-01-01 06:33:00"}
{"customer_id": "C114", "basket": [{"product_id": "P54", "price": 122}, {"product_id": "P45", "price": 1357}, {"product_id": "P46", "price": 95}], "date_of_purchase": "2019-01-01 20:52:00"}
{"customer_id": "C117", "basket": [{"product_id": "P44", "price": 1868}, {"product_id": "P44", "price": 859}], "date_of_purchase": "2019-01-01 19:27:00"}
{"customer_id": "C119", "basket": [{"product_id": "P27", "price": 1091}], "date_of_purchase": "2019-01-01 21:12:00"}
{"customer_id": "C122", "basket": [{"product_id": "P22", "price": 1863}, {"product_id": "P34", "price": 556}, {"product_id": "P22", "price": 1378}], "date_of_purchase": "2019-01-01 14:58:00"}
{"customer_id": "C127", "basket": [{"product_id": "P23", "price": 1619}, {"product_id": "P28", "price": 891}, {"product_id": "P26", "price": 570}], "date_of_purchase": "2019-01-01 06:00:00"}
{"customer_id": "C129", "basket": [{"product_id": "P27", "price": 295}, {"product_id": "P26", "price": 386}, {"product_id": "P32", "price": 444}], "date_of_purchase": "2019-01-01 05:40:00"}
{"customer_id": "C130", "basket": [{"product_id": "P39", "price": 1163}], "date_of_purchase": "2019-01-01 15:39:00"}
