{"customer_id": "C12", "basket": [{"product_id": "P58", "price": 1200}], "date_of_purchase": "2019-02-27 19:20:00"}
{"customer_id": "C17", "basket": [{"product_id": "P08", "price": 843}, {"product_id": "P04", "price": 1385}, {"product_id": "P06", "price": 538}], "date_of_purchase": "2019-02-27 06:31:00"}
{"customer_id": "C18", "basket": [{"product_id": "P30", "price": 247}], "date_of_purchase": "2019-02-27 06:04:00"}
{"customer_id": "C29", "basket": [{"product_id": "P54", "price": 456}], "date_of_purchase": "2019-02-27 17:33:00"}
{"customer_id": "C39", "basket": [{"product_id": "P63", "price": 102}], "date_of_purchase": "2019-02-27 21:56:00"}
{"customer_id": "C43", "basket": [{"product_id": "P03", "price": 1402}, {"product_id": "P01", "price": 436}, {"product_id": "P04", "price": 30}], "date_of_purchase": "2019-02-27 18:27:00"}
{"customer_id": "C49", "basket": [{"product_id": "P51", "price": 181}], "date_of_purchase": "2019-02-27 04:14:00"}
{"customer_id": "C50", "basket": [{"product_id": "P06", "price": 528}, {"product_id": "P03", "price": 701}, {"product_id": "P06", "price": 373}], "date_of_purchase": "2019-02-27 20:42:00"}
{"customer_id": "C53", "basket": [{"product_id": "P23", "price": 291}], "date_of_purchase": "2019-02-27 22:59:00"}
{"customer_id": "C54", "basket": [{"product_id": "P38", "price": 1885}], "date_of_purchase": "2019-02-27 04:28:00"}
{"customer_id": "C56", "basket": [{"product_id": "P17", "price": 150}, {"product_id": "P14", "price": 993}, {"product_id": "P21", "price": 1913}], "date_of_purchase": "2019-02-27 08:30:00"}
{"customer_id": "C60", "basket": [{"product_id": "P64", "price": 176}], "date_of_purchase": "2019-02-27 21:19:00"}
{"customer_id": "C66", "basket": [{"product_id": "P27", "price": 1372}, {"product_id": "P25", "price": 1052}], "date_of_purchase": "2019-02-27 21:12:00"}
{"customer_id": "C71", "basket": [{"product_id": "P50", "price": 480}, {"product_id": "P47", "price": 368}], "date_of_purchase": "2019-02-27 17:21:00"}
{"customer_id": "C72", "basket": [{"product_id": "P62", "price": 1146}, {"product_id": "P63", "price": 1908}], "date_of_purchase": "2019-02-27 03:05:00"}
{"customer_id": "C89", "basket": [{"product_id": "P32", "price": 1426}, {"product_id": "P27", "price": 1251}, {"product_id": "P24", "price": 1190}], "date_of_purchase": "2019-02-27 15:26:00"}
{"customer_id": "C92", "basket": [{"product_id": "P57", "price": 151}, {"product_id": "P42", "price": 1611}, {"product_id": "P42", "price": 972}], "date_of_purchase": "2019-02-27 22:59:00"}
{"customer_id": "C101", "basket": [{"product_id": "P38", "price": 204}, {"product_id": "P36", "price": 1535}, {"product_id": "P37", "price": 571}], "date_of_purchase": "2019-02-27 11:39:00"}
{"customer_id": "C102", "basket": [{"product_id": "P39", "price": 416}, {"product_id": "P36", "price": 106}], "date_of_purchase": "2019-02-27 22:39:00"}
{"customer_id": "C104", "basket": [{"product_id": "P64", "price": 601}, {"product_id": "P61", "price": 1321}], "date_of_purchase": "2019-02-27 05:43:00"}
{"customer_id": "C112", "basket": [{"product_id": "P28", "price": 1616}], "date_of_purchase": "2019-02-27 07:36:00"}
{"customer_id": "C116", "basket": [{"product_id": "P36", "price": 1092}], "date_of_purchase": "2019-02-27 18:28:00"}
{"customer_id": "C117", "basket": [{"product_id": "P11", "price": 845}, {"product_id": "P02", "price": 1077}, {"product_id": "P01", "price": 215}], "date_of_purchase": "2019-02-27 23:17:00"}
{"customer_id": "C119", "basket": [{"product_id": "P40", "price": 1915}, {"product_id": "P36", "price": 578}, {"product_id": "P35", "price": 896}], "date_of_purchase": "2019-02-27 11:19:00"}
{"customer_id": "C120", "basket": [{"product_id": "P36", "price": 775}, {"product_id": "P39", "price": 375}, {"product_id": "P40", "price": 1418}], "date_of_purchase": "2019-02-27 22:07:00"}
{"customer_id": "C121", "basket": [{"product_id": "P32", "price": 549}], "date_of_purchase": "2019-02-27 13:27:00"}
{"customer_id": "C122", "basket": [{"product_id": "P35", "price": 110}, {"product_id": "P39", "price": 622}, {"product_id": "P36", "price": 620}], "date_of_purchase": "2019-02-27 13:33:00"}
{"customer_id": "C129", "basket": [{"product_id": "P26", "price": 236}], "date_of_purchase": "2019-02-27 14:46:00"}
{"customer_id": "C134", "basket": [{"product_id": "P39", "price": 614}, {"product_id": "P39", "price": 571}], "date_of_purchase": "2019-02-27 15:05:00"}
