{"customer_id": "C4", "basket": [{"product_id": "P13", "price": 1109}, {"product_id": "P17", "price": 1167}], "date_of_purchase": "2018-12-06 20:05:00"}
{"customer_id": "C7", "basket": [{"product_id": "P37", "price": 1567}, {"product_id": "P40", "price": 938}, {"product_id": "P37", "price": 680}], "date_of_purchase": "2018-12-06 05:06:00"}
{"customer_id": "C9", "basket": [{"product_id": "P35", "price": 1981}], "date_of_purchase": "2018-12-06 09:45:00"}
{"customer_id": "C11", "basket": [{"product_id": "P40", "price": 1716}], "date_of_purchase": "2018-12-06 16:51:00"}
{"customer_id": "C13", "basket": [{"product_id": "P62", "price": 591}, {"product_id": "P63", "price": 1413}], "date_of_purchase": "2018-12-06 15:30:00"}
{"customer_id": "C15", "basket": [{"product_id": "P23", "price": 1859}], "date_of_purchase": "2018-12-06 10:14:00"}
{"customer_id": "C20", "basket": [{"product_id": "P21", "price": 818}, {"product_id": "P21", "price": 614}, {"product_id": "P14", "price": 676}], "date_of_purchase": "2018-12-06 19:09:00"}
{"customer_id": "C40", "basket": [{"product_id": "P42", "price": 118}, {"product_id": "P58", "price": 675}, {"product_id": "P52", "price": 474}], "date_of_purchase": "2018-12-06 06:11:00"}
{"customer_id": "C64", "basket": [{"product_id": "P36", "price": 123}, {"product_id": "P40", "price": 91}, {"product_id": "P35", "price": 856}], "date_of_purchase": "2018-12-06 16:00:00"}
{"customer_id": "C69", "basket": [{"product_id": "P39", "price": 1239}], "date_of_purchase": "2018-12-06 19:24:00"}
{"customer_id": "C91", "basket": [{"product_id": "P42", "price": 1691}], "date_of_purchase": "2018-12-06 17:04:00"}
{"customer_id": "C92", "basket": [{"product_id": "P10", "price": 962}], "date_of_purchase": "2018-12-06 23:32:00"}
{"customer_id": "C100", "basket": [{"product_id": "P61", "price": 250}], "date_of_purchase": "2018-12-06 11:32:00"}
{"customer_id": "C102", "basket": [{"product_id": "P35", "price": 1499}, {"product_id": "P40", "price": 1769}], "date_of_purchase": "2018-12-06 04:46:00"}
{"customer_id": "C107", "basket": [{"product_id": "P37", "price": 577}, {"product_id": "P35", "price": 1413}, {"product_id": "P40", "price": 1148}], "date_of_purchase": "2018-12-06 05:42:00"}
{"customer_id": "C117", "basket": [{"product_id": "P31", "price": 1155}, {"product_id": "P29", "price": 1616}, {"product_id": "P23", "price": 1215}], "date_of_purchase": "2018-12-06 19:23:00"}
{"customer_id": "C119", "basket": [{"product_id": "P07", "price": 1595}, {"product_id": "P06", "price": 148}], "date_of_purchase": "2018-12-06 10:04:00"}
{"customer_id": "C123", "basket": [{"product_id": "P02", "price": 351}], "date_of_purchase": "2018-12-06 08:18:00"}
{"customer_id": "C127", "basket": [{"product_id": "P26", "price": 556}], "date_of_purchase": "2018-12-06 22:56:00"}
