{"customer_id": "C8", "basket": [{"product_id": "P40", "price": 252}, {"product_id": "P36", "price": 207}, {"product_id": "P40", "price": 1061}], "date_of_purchase": "2019-02-02 17:10:00"}
{"customer_id": "C12", "basket": [{"product_id": "P55", "price": 1919}, {"product_id": "P60", "price": 1578}, {"product_id": "P50", "price": 791}], "date_of_purchase": "2019-02-02 17:43:00"}
{"customer_id": "C13", "basket": [{"product_id": "P55", "price": 12}, {"product_id": "P42", "price": 1239}], "date_of_purchase": "2019-02-02 10:35:00"}
{"customer_id": "C14", "basket": [{"product_id": "P39", "price": 765}, {"product_id": "P40", "price": 218}], "date_of_purchase": "2019-02-02 13:50:00"}
{"customer_id": "C15", "basket": [{"product_id": "P31", "price": 1750}], "date_of_purchase": "2019-02-02 03:31:00"}
{"customer_id": "C17", "basket": [{"product_id": "P07", "price": 187}, {"product_id": "P01", "price": 1391}, {"product_id": "P04", "price": 540}], "date_of_purchase": "2019-02-02 22:31:00"}
{"customer_id": "C28", "basket": [{"product_id": "P23", "price": 697}, {"product_id": "P32", "price": 1845}], "date_of_purchase": "2019-02-02 04:22:00"}
{"customer_id": "C34", "basket": [{"product_id": "P47", "price": 1547}], "date_of_purchase": "2019-02-02 21:23:00"}
{"customer_id": "C35", "basket": [{"product_id": "P45", "price": 1427}, {"product_id": "P58", "price": 1105}, {"product_id": "P49", "price": 165}], "date_of_purchase": "2019-02-02 07:38:00"}
{"customer_id": "C37", "basket": [{"product_id": "P24", "price": 1239}, {"product_id": "P22", "price": 786}], "date_of_purchase": "2019-02-02 10:22:00"}
{"customer_id": "C39", "basket": [{"product_id": "P63", "price": 1240}], "date_of_purchase": "2019-02-02 09:42:00"}
{"customer_id": "C42", "basket": [{"product_id": "P60", "price": 1614}], "date_of_purchase": "2019-02-02 12:33:00"}
{"customer_id": "C48", "basket": [{"product_id": "P34", "price": 1395}], "date_of_purchase": "2019-02-02 17:45:00"}
{"customer_id": "C52", "basket": [{"product_id": "P37", "price": 485}, {"product_id": "P38", "price": 1197}], "date_of_purchase": "2019-02-02 17:39:00"}
{"customer_id": "C53", "basket": [{"product_id": "P49", "price": 1779}, {"product_id": "P54", "price": 1951}], "date_of_purchase": "2019-02-02 21:34:00"}
{"customer_id": "C57", "basket": [{"product_id": "P41", "price": 693}], "date_of_purchase": "2019-02-02 17:30:00"}
{"customer_id": "C62", "basket": [{"product_id": "P27", "price": 389}, {"product_id": "P25", "price": 1644}], "date_of_purchase": "2019-02-02 23:55:00"}
{"customer_id": "C70", "basket": [{"product_id": "P04", "price": 131}, {"product_id": "P11", "price": 1139}, {"product_id": "P06", "price": 254}], "date_of_purchase": "2019-02-02 23:15:00"}
{"customer_id": "C75", "basket": [{"product_id": "P07", "price": 863}, {"product_id": "P03", "price": 1272}, {"product_id": "P11", "price": 1253}], "date_of_purchase": "2019-02-02 03:04:00"}
{"customer_id": "C78", "basket": [{"product_id": "P47", "price": 378}, {"product_id": "P58", "price": 66}], "date_of_purchase": "2019-02-02 13:43:00"}
{"customer_id": "C85", "basket": [{"product_id": "P51", "price": 759}, {"product_id": "P42", "price": 1231}], "date_of_purchase": "2019-02-02 07:33:00"}
{"customer_id": "C88", "basket": [{"product_id": "P35", "price": 1394}, {"product_id": "P35", "price": 1794}, {"product_id": "P37", "price": 1326}], "date_of_purchase": "2019-02-02 17:33:00"}
{"customer_id": "C104", "basket": [{"product_id": "P63", "price": 1671}, {"product_id": "P63", "price": 482}], "date_of_purchase": "2019-02-02 19:06:00"}
{"customer_id": "C113", "basket": [{"product_id": "P39", "price": 1956}, {"product_id": "P40", "price": 1253}], "date_of_purchase": "2019-02-02 12:37:00"}
{"customer_id": "C121", "basket": [{"product_id": "P40", "price": 1782}, {"product_id": "P38", "price": 298}], "date_of_purchase": "2019-02-02 21:46:00"}
{"customer_id": "C129", "basket": [{"product_id": "P01", "price": 592}, {"product_id": "P02", "price": 94}], "date_of_purchase": "2019-02-02 09:23:00"}
{"customer_id": "C131", "basket": [{"product_id": "P25", "price": 373}], "date_of_purchase": "2019-02-02 22:47:00"}
{"customer_id": "C133", "basket": [{"product_id": "P30", "price": 1561}], "date_of_purchase": "2019-02-02 19:51:00"}
{"customer_id": "C135", "basket": [{"product_id": "P31", "price": 346}], "date_of_purchase": "2019-02-02 13:38:00"}
