{"customer_id": "C3", "basket": [{"product_id": "P64", "price": 965}, {"product_id": "P61", "price": 1678}, {"product_id": "P61", "price": 1586}], "date_of_purchase": "2019-01-15 17:31:00"}
{"customer_id": "C4", "basket": [{"product_id": "P44", "price": 409}, {"product_id": "P58", "price": 178}, {"product_id": "P52", "price": 1708}], "date_of_purchase": "2019-01-15 11:15:00"}
{"customer_id": "C6", "basket": [{"product_id": "P13", "price": 239}, {"product_id": "P15", "price": 1622}, {"product_id": "P17", "price": 279}], "date_of_purchase": "2019-01-15 23:47:00"}
{"customer_id": "C7", "basket": [{"product_id": "P38", "price": 327}, {"product_id": "P37", "price": 1387}], "date_of_purchase": "2019-01-15 21:18:00"}
{"customer_id": "C8", "basket": [{"product_id": "P56", "price": 260}, {"product_id": "P45", "price": 1478}], "date_of_purchase": "2019-01-15 23:14:00"}
{"customer_id": "C9", "basket": [{"product_id": "P38", "price": 1098}, {"product_id": "P36", "price": 1739}, {"product_id": "P38", "price": 1791}], "date_of_purchase": "2019-01-15 23:06:00"}
{"customer_id": "C13", "basket": [{"product_id": "P47", "price": 943}, {"product_id": "P42", "price": 694}], "date_of_purchase": "2019-01-15 12:21:00"}
{"customer_id": "C21", "basket": [{"product_id": "P09", "price": 134}, {"product_id": "P02", "price": 994}], "date_of_purchase": "2019-01-15 21:42:00"}
{"customer_id": "C22", "basket": [{"product_id": "P61", "price": 899}], "date_of_purchase": "2019-01-15 04:28:00"}
{"customer_id": "C23", "basket": [{"product_id": "P43", "price": 753}, {"product_id": "P48", "price": 1443}, {"product_id": "P41", "price": 1783}], "date_of_purchase": "2019-01-15 03:12:00"}
{"customer_id": "C24", "basket": [{"product_id": "P39", "price": 463}, {"product_id": "P40", "price": 953}], "date_of_purchase": "2019-01-15 18:37:00"}
{"customer_id": "C29", "basket": [{"product_id": "P47", "price": 1788}], "date_of_purchase": "2019-01-15 16:42:00"}
{"customer_id": "C38", "basket": [{"product_id": "P25", "price": 1195}], "date_of_purchase": "2019-01-15 19:05:00"}
{"customer_id": "C56", "basket": [{"product_id": "P06", "price": 921}, {"product_id": "P06", "price": 715}, {"product_id": "P11", "price": 1486}], "date_of_purchase": "2019-01-15 17:34:00"}
{"customer_id": "C62", "basket": [{"product_id": "P55", "price": 725}, {"product_id": "P52", "price": 575}, {"product_id": "P43", "price": 341}], "date_of_purchase": "2019-01-15 05:38:00"}
{"customer_id": "C63", "basket": [{"product_id": "P29", "price": 1025}, {"product_id": "P26", "price": 374}, {"product_id": "P24", "price": 662}], "date_of_purchase": "2019-01-15 05:02:00"}
{"customer_id": "C68", "basket": [{"product_id": "P60", "price": 1901}], "date_of_purchase": "2019-01-15 07:10:00"}
{"customer_id": "C71", "basket": [{"product_id": "P10", "price": 1714}, {"product_id": "P02", "price": 1961}, {"product_id": "P02", "price": 757}], "date_of_purchase": "2019-01-15 17:28:00"}
{"customer_id": "C72", "basket": [{"product_id": "P10", "price": 440}], "date_of_purchase": "2019-01-15 17:27:00"}
{"customer_id": "C79", "basket": [{"product_id": "P29", "price": 1159}, {"product_id": "P34", "price": 981}], "date_of_purchase": "2019-01-15 09:51:00"}
{"customer_id": "C82", "basket": [{"product_id": "P58", "price": 1307}], "date_of_purchase": "2019-01-15 05:16:00"}
{"customer_id": "C89", "basket": [{"product_id": "P54", "price": 824}, {"product_id": "P51", "price": 1337}, {"product_id": "P45", "price": 1960}], "date_of_purchase": "2019-01-15 23:12:00"}
{"customer_id": "C91", "basket": [{"product_id": "P64", "price": 1224}, {"product_id": "P62", "price": 1571}], "date_of_purchase": "2019-01-15 13:11:00"}
{"customer_id": "C104", "basket": [{"product_id": "P62", "price": 109}, {"product_id": "P62", "price": 1589}, {"product_id": "P63", "price": 587}], "date_of_purchase": "2019-01-15 21:13:00"}
{"customer_id": "C110", "basket": [{"product_id": "P54", "price": 1009}, {"product_id": "P57", "price": 931}], "date_of_purchase": "2019-01-15 15:12:00"}
{"customer_id": "C111", "basket": [{"product_id": "P34", "price": 1998}, {"product_id": "P27", "price": 1313}, {"product_id": "P30", "price": 1036}], "date_of_purchase": "2019-01-15 16:54:00"}
{"customer_id": "C114", "basket": [{"product_id": "P07", "price": 1611}, {"product_id": "P10", "price": 1648}], "date_of_purchase": "2019-01-15 11:31:00"}
{"customer_id": "C122", "basket": [{"product_id": "P25", "price": 169}, {"product_id": "P23", "price": 1014}], "date_of_purchase": "2019-01-15 13:12:00"}
{"customer_id": "C123", "basket": [{"product_id": "P05", "price": 1198}, {"product_id": "P07", "price": 510}, {"product_id": "P10", "price": 1431}], "date_of_purchase": "2019-01-15 10:10:00"}
{"customer_id": "C128", "basket": [{"product_id": "P02", "price": 1735}, {"product_id": "P08", "price": 183}, {"product_id": "P09", "price": 695}], "date_of_purchase": "2019-01-15 13:52:00"}
{"customer_id": "C133", "basket": [{"product_id": "P62", "price": 2}, {"product_id": "P64", "price": 1601}], "date_of_purchase": "2019-01-15 17:27:00"}
{"customer_id": "C134", "basket": [{"product_id": "P11", "price": 772}], "date_of_purchase": "2019-01-15 21:25:00"}
