{"customer_id": "C3", "basket": [{"product_id": "P61", "price": 1330}], "date_of_purchase": "2019-02-04 11:08:00"}
{"customer_id": "C9", "basket": [{"product_id": "P37", "price": 263}], "date_of_purchase": "2019-02-04 20:46:00"}
{"customer_id": "C20", "basket": [{"product_id": "P61", "price": 1270}], "date_of_purchase": "2019-02-04 07:24:00"}
{"customer_id": "C23", "basket": [{"product_id": "P48", "price": 1111}], "date_of_purchase": "2019-02-04 03:10:00"}
{"customer_id": "C29", "basket": [{"product_id": "P53", "price": 74}, {"product_id": "P57", "price": 1158}, {"product_id": "P57", "price": 934}], "date_of_purchase": "2019-02-04 11:45:00"}
{"customer_id": "C33", "basket": [{"product_id": "P36", "price": 891}, {"product_id": "P40", "price": 498}, {"product_id": "P38", "price": 1561}], "date_of_purchase": "2019-02-04 16:09:00"}
{"customer_id": "C37", "basket": [{"product_id": "P25", "price": 1266}], "date_of_purchase": "2019-02-04 16:01:00"}
{"customer_id": "C44", "basket": [{"product_id": "P36", "price": 1174}, {"product_id": "P39", "price": 1224}, {"product_id": "P38", "price": 790}], "date_of_purchase": "2019-02-04 06:28:00"}
{"customer_id": "C49", "basket": [{"product_id": "P55", "price": 157}, {"product_id": "P43", "price": 1884}, {"product_id": "P50", "price": 1814}], "date_of_purchase": "2019-02-04 22:58:00"}
{"customer_id": "C65", "basket": [{"product_id": "P14", "price": 1659}], "date_of_purchase": "2019-02-04 11:57:00"}
{"customer_id": "C68", "basket": [{"product_id": "P58", "price": 309}, {"product_id": "P55", "price": 1112}, {"product_id": "P41", "price": 840}], "date_of_purchase": "2019-02-04 04:15:00"}
{"customer_id": "C70", "basket": [{"product_id": "P36", "price": 1109}, {"product_id": "P35", "price": 1345}], "date_of_purchase": "2019-02-04 19:11:00"}
{"customer_id": "C72", "basket": [{"product_id": "P39", "price": 1089}, {"product_id": "P36", "price": 210}], "date_of_purchase": "2019-02-04 04:32:00"}
{"customer_id": "C76", "basket": [{"product_id": "P31", "price": 844}], "date_of_purchase": "2019-02-04 17:13:00"}
{"customer_id": "C79", "basket": [{"product_id": "P29", "price": 128}, {"product_id": "P24", "price": 1745}], "date_of_purchase": "2019-02-04 19:55:00"}
{"customer_id": "C88", "basket": [{"product_id": "P35", "price": 439}, {"product_id": "P40", "price": 14}, {"product_id": "P39", "price": 1589}], "date_of_purchase": "2019-02-04 15:17:00"}
{"customer_id": "C102", "basket": [{"product_id": "P35", "price": 705}, {"product_id": "P38", "price": 41}, {"product_id": "P37", "price": 594}], "date_of_purchase": "2019-02-04 08:21:00"}
{"customer_id": "C104", "basket": [{"product_id": "P63", "price": 1347}, {"product_id": "P62", "price": 447}], "date_of_purchase": "2019-02-04 20:46:00"}
{"customer_id": "C106", "basket": [{"product_id": "P48", "price": 1196}], "date_of_purchase": "2019-02-04 08:41:00"}
{"customer_id": "C127", "basket": [{"product_id": "P22", "price": 1386}, {"product_id": "P34", "price": 1590}, {"product_id": "P29", "price": 1945}], "date_of_purchase": "2019-02-04 14:00:00"}
{"customer_id": "C129", "basket": [{"product_id": "P06", "price": 1488}, {"product_id": "P07", "price": 1791}], "date_of_purchase": "2019-02-04 10:26:00"}
{"customer_id": "C131", "basket": [{"product_id": "P25", "price": 704}, {"product_id": "P32", "price": 426}, {"product_id": "P30", "price": 107}], "date_of_purchase": "2019-02-04 05:07:00"}
