{"customer_id": "C5", "basket": [{"product_id": "P37", "price": 1703}, {"product_id": "P35", "price": 1078}], "date_of_purchase": "2018-12-02 11:01:00"}
{"customer_id": "C14", "basket": [{"product_id": "P62", "price": 1681}, {"product_id": "P62", "price": 1767}, {"product_id": "P64", "price": 494}], "date_of_purchase": "2018-12-02 16:01:00"}
{"customer_id": "C20", "basket": [{"product_id": "P15", "price": 1977}, {"product_id": "P14", "price": 439}, {"product_id": "P18", "price": 1947}], "date_of_purchase": "2018-12-02 14:25:00"}
{"customer_id": "C26", "basket": [{"product_id": "P43", "price": 1166}], "date_of_purchase": "2018-12-02 05:43:00"}
{"customer_id": "C34", "basket": [{"product_id": "P41", "price": 702}], "date_of_purchase": "2018-12-02 19:28:00"}
{"customer_id": "C35", "basket": [{"product_id": "P36", "price": 379}, {"product_id": "P39", "price": 1971}], "date_of_purchase": "2018-12-02 19:06:00"}
{"customer_id": "C43", "basket": [{"product_id": "P27", "price": 1451}], "date_of_purchase": "2018-12-02 13:04:00"}
{"customer_id": "C48", "basket": [{"product_id": "P32", "price": 979}, {"product_id": "P33", "price": 1255}, {"product_id": "P24", "price": 1467}], "date_of_purchase": "2018-12-02 15:19:00"}
{"customer_id": "C53", "basket": [{"product_id": "P43", "price": 687}, {"product_id": "P58", "price": 1796}, {"product_id": "P58", "price": 1343}], "date_of_purchase": "2018-12-02 23:10:00"}
{"customer_id": "C57", "basket": [{"product_id": "P03", "price": 130}], "date_of_purchase": "2018-12-02 15:46:00"}
{"customer_id": "C66", "basket": [{"product_id": "P13", "price": 449}, {"product_id": "P20", "price": 720}, {"product_id": "P18", "price": 935}], "date_of_purchase": "2018-12-02 21:06:00"}
{"customer_id": "C69", "basket": [{"product_id": "P40", "price": 610}, {"product_id": "P39", "price": 71}], "date_of_purchase": "2018-12-02 23:36:00"}
{"customer_id": "C77", "basket": [{"product_id": "P44", "price": 1638}, {"product_id": "P60", "price": 1441}, {"product_id": "P47", "price": 1310}], "date_of_purchase": "2018-12-02 18:07:00"}
{"customer_id": "C81", "basket": [{"product_id": "P14", "price": 658}, {"product_id": "P13", "price": 1278}, {"product_id": "P19", "price": 1889}], "date_of_purchase": "2018-12-02 06:07:00"}
{"customer_id": "C91", "basket": [{"product_id": "P38", "price": 1836}, {"product_id": "P40", "price": 451}, {"product_id": "P38", "price": 177}], "date_of_purchase": "2018-12-02 14:08:00"}
{"customer_id": "C93", "basket": [{"product_id": "P32", "price": 1964}, {"product_id": "P30", "price": 512}, {"product_id": "P29", "price": 18}], "date_of_purchase": "2018-12-02 18:24:00"}
{"customer_id": "C102", "basket": [{"product_id": "P35", "price": 1308}], "date_of_purchase": "2018-12-02 14:42:00"}
{"customer_id": "C106", "basket": [{"product_id": "P57", "price": 1080}, {"product_id": "P44", "price": 1294}, {"product_id": "P48", "price": 442}], "date_of_purchase": "2018-12-02 12:00:00"}
{"customer_id": "C109", "basket": [{"product_id": "P59", "price": 1807}, {"product_id": "P54", "price": 714}], "date_of_purchase": "2018-12-02 05:31:00"}
{"customer_id": "C111", "basket": [{"product_id": "P24", "price": 1476}, {"product_id": "P23", "price": 291}, {"product_id": "P31", "price": 652}], "date_of_purchase": "2018-12-02 21:02:00"}
{"customer_id": "C113", "basket": [{"product_id": "P47", "price": 1318}], "date_of_purchase": "2018-12-02 14:42:00"}
{"customer_id": "C118", "basket": [{"product_id": "P23", "price": 774}, {"product_id": "P22", "price": 310}], "date_of_purchase": "2018-12-02 12:35:00"}
{"customer_id": "C121", "basket": [{"product_id": "P62", "price": 1290}, {"product_id": "P62", "price": 1719}, {"product_id": "P64", "price": 970}], "date_of_purchase": "2018-12-02 22:53:00"}
{"customer_id": "C123", "basket": [{"product_id": "P12", "price": 876}], "date_of_purchase": "2018-12-02 19:35:00"}
{"customer_id": "C125", "basket": [{"product_id": "P25", "price": 413}, {"product_id": "P22", "price": 1644}, {"product_id": "P25", "price": 719}], "date_of_purchase": "2018-12-02 21:35:00"}
{"customer_id": "C128", "basket": [{"product_id": "P32", "price": 1363}], "date_of_purchase": "2018-12-02 16:58:00"}
{"customer_id": "C131", "basket": [{"product_id": "P13", "price": 52}, {"product_id": "P20", "price": 306}], "date_of_purchase": "2018-12-02 12:45:00"}
