{"customer_id": "C1", "basket": [{"product_id": "P09", "price": 1005}, {"product_id": "P08", "price": 1548}, {"product_id": "P04", "price": 71}], "date_of_purchase": "2018-12-03 13:17:00"}
{"customer_id": "C13", "basket": [{"product_id": "P12", "price": 1711}, {"product_id": "P06", "price": 1364}, {"product_id": "P06", "price": 360}], "date_of_purchase": "2018-12-03 15:28:00"}
{"customer_id": "C21", "basket": [{"product_id": "P12", "price": 1425}, {"product_id": "P08", "price": 1632}, {"product_id": "P08", "price": 513}], "date_of_purchase": "2018-12-03 10:06:00"}
{"customer_id": "C35", "basket": [{"product_id": "P53", "price": 302}, {"product_id": "P45", "price": 725}, {"product_id": "P59", "price": 513}], "date_of_purchase": "2018-12-03 12:45:00"}
{"customer_id": "C37", "basket": [{"product_id": "P33", "price": 84}], "date_of_purchase": "2018-12-03 11:59:00"}
{"customer_id": "C40", "basket": [{"product_id": "P04", "price": 1985}, {"product_id": "P07", "price": 1735}], "date_of_purchase": "2018-12-03 06:01:00"}
{"customer_id": "C43", "basket": [{"product_id": "P25", "price": 87}, {"product_id": "P30", "price": 1305}, {"product_id": "P32", "price": 435}], "date_of_purchase": "2018-12-03 11:27:00"}
{"customer_id": "C52", "basket": [{"product_id": "P36", "price": 1572}], "date_of_purchase": "2018-12-03 21:00:00"}
{"customer_id": "C53", "basket": [{"product_id": "P35", "price": 1694}, {"product_id": "P37", "price": 749}, {"product_id": "P35", "price": 1457}], "date_of_purchase": "2018-12-03 05:28:00"}
{"customer_id": "C62", "basket": [{"product_id": "P64", "price": 1528}], "date_of_purchase": "2018-12-03 18:06:00"}
{"customer_id": "C63", "basket": [{"product_id": "P37", "price": 1184}], "date_of_purchase": "2018-12-03 20:44:00"}
{"customer_id": "C66", "basket": [{"product_id": "P18", "price": 1073}, {"product_id": "P17", "price": 177}, {"product_id": "P13", "price": 1343}], "date_of_purchase": "2018-12-03 15:44:00"}
{"customer_id": "C67", "basket": [{"product_id": "P36", "price": 349}, {"product_id": "P36", "price": 1632}, {"product_id": "P38", "price": 1465}], "date_of_purchase": "2018-12-03 08:38:00"}
{"customer_id": "C69", "basket": [{"product_id": "P37", "price": 734}, {"product_id": "P35", "price": 1794}], "date_of_purchase": "2018-12-03 10:58:00"}
{"customer_id": "C70", "basket": [{"product_id": "P02", "price": 585}], "date_of_purchase": "2018-12-03 13:45:00"}
{"customer_id": "C73", "basket": [{"product_id": "P26", "price": 1816}], "date_of_purchase": "2018-12-03 09:09:00"}
{"customer_id": "C84", "basket": [{"product_id": "P56", "price": 422}, {"product_id": "P60", "price": 1597}, {"product_id": "P49", "price": 659}], "date_of_purchase": "2018-12-03 19:18:00"}
{"customer_id": "C90", "basket": [{"product_id": "P39", "price": 1369}, {"product_id": "P39", "price": 1248}, {"product_id": "P37", "price": 63}], "date_of_purchase": "2018-12-03 19:24:00"}
{"customer_id": "C97", "basket": [{"product_id": "P15", "price": 46}], "date_of_purchase": "2018-12-03 10:49:00"}
{"customer_id": "C104", "basket": [{"product_id": "P63", "price": 81}], "date_of_purchase": "2018-12-03 06:02:00"}
{"customer_id": "C105", "basket": [{"product_id": "P28", "price": 535}], "date_of_purchase": "2018-12-03 08:24:00"}
{"customer_id": "C108", "basket": [{"product_id": "P62", "price": 1298}, {"product_id": "P62", "price": 612}], "date_of_purchase": "2018-12-03 07:14:00"}
{"customer_id": "C109", "basket": [{"product_id": "P48", "price": 966}], "date_of_purchase": "2018-12-03 03:33:00"}
{"customer_id": "C122", "basket": [{"product_id": "P39", "price": 1232}, {"product_id": "P39", "price": 1521}, {"product_id": "P35", "price": 703}], "date_of_purchase": "2018-12-03 13:47:00"}
{"customer_id": "C127", "basket": [{"product_id": "P24", "price": 466}, {"product_id": "P29", "price": 1012}], "date_of_purchase": "2018-12-03 19:25:00"}
{"customer_id": "C131", "basket": [{"product_id": "P25", "price": 529}, {"product_id": "P29", "price": 376}], "date_of_purchase": "2018-12-03 17:46:00"}
{"customer_id": "C136", "basket": [{"product_id": "P02", "price": 1926}, {"product_id": "P05", "price": 960}], "date_of_purchase": "2018-12-03 06:03:00"}
