{"customer_id": "C4", "basket": [{"product_id": "P40", "price": 1676}], "date_of_purchase": "2019-02-19 04:44:00"}
{"customer_id": "C6", "basket": [{"product_id": "P18", "price": 950}, {"product_id": "P15", "price": 1092}, {"product_id": "P19", "price": 778}], "date_of_purchase": "2019-02-19 12:51:00"}
{"customer_id": "C7", "basket": [{"product_id": "P38", "price": 1486}, {"product_id": "P40", "price": 1190}, {"product_id": "P35", "price": 1961}], "date_of_purchase": "2019-02-19 09:53:00"}
{"customer_id": "C9", "basket": [{"product_id": "P39", "price": 1179}, {"product_id": "P35", "price": 943}], "date_of_purchase": "2019-02-19 04:39:00"}
{"customer_id": "C13", "basket": [{"product_id": "P64", "price": 1283}, {"product_id": "P63", "price": 1575}, {"product_id": "P64", "price": 492}], "date_of_purchase": "2019-02-19 19:06:00"}
{"customer_id": "C20", "basket": [{"product_id": "P64", "price": 1074}, {"product_id": "P62", "price": 1946}, {"product_id": "P62", "price": 1952}], "date_of_purchase": "2019-02-19 12:34:00"}
{"customer_id": "C21", "basket": [{"product_id": "P10", "price": 42}, {"product_id": "P02", "price": 132}], "date_of_purchase": "2019-02-19 14:10:00"}
{"customer_id": "C23", "basket": [{"product_id": "P56", "price": 212}], "date_of_purchase": "2019-02-19 11:07:00"}
{"customer_id": "C25", "basket": [{"product_id": "P07", "price": 1661}, {"product_id": "P09", "price": 1674}], "date_of_purchase": "2019-02-19 23:29:00"}
{"customer_id": "C27", "basket": [{"product_id": "P60", "price": 1703}, {"product_id": "P57", "price": 1534}, {"product_id": "P47", "price": 725}], "date_of_purchase": "2019-02-19 09:12:00"}
{"customer_id": "C28", "basket": [{"product_id": "P25", "price": 1331}, {"product_id": "P34", "price": 1196}], "date_of_purchase": "2019-02-19 16:02:00"}
{"customer_id": "C32", "basket": [{"product_id": "P36", "price": 1889}], "date_of_purchase": "2019-02-19 23:26:00"}
{"customer_id": "C35", "basket": [{"product_id": "P38", "price": 1929}, {"product_id": "P36", "price": 1545}], "date_of_purchase": "2019-02-19 10:32:00"}
{"customer_id": "C40", "basket": [{"product_id": "P04", "price": 1355}, {"product_id": "P04", "price": 466}], "date_of_purchase": "2019-02-19 14:55:00"}
{"customer_id": "C60", "basket": [{"product_id": "P63", "price": 1597}], "date_of_purchase": "2019-02-19 12:16:00"}
{"customer_id": "C62", "basket": [{"product_id": "P22", "price": 582}, {"product_id": "P29", "price": 975}], "date_of_purchase": "2019-02-19 21:02:00"}
{"customer_id": "C63", "basket": [{"product_id": "P02", "price": 1806}, {"product_id": "P12", "price": 761}], "date_of_purchase": "2019-02-19 22:35:00"}
{"customer_id": "C68", "basket": [{"product_id": "P59", "price": 638}, {"product_id": "P45", "price": 542}, {"product_id": "P46", "price": 1504}], "date_of_purchase": "2019-02-19 04:09:00"}
{"customer_id": "C71", "basket": [{"product_id": "P11", "price": 718}, {"product_id": "P11", "price": 1388}], "date_of_purchase": "2019-02-19 18:55:00"}
{"customer_id": "C83", "basket": [{"product_id": "P28", "price": 19}, {"product_id": "P32", "price": 1288}], "date_of_purchase": "2019-02-19 10:12:00"}
{"customer_id": "C95", "basket": [{"product_id": "P24", "price": 1079}, {"product_id": "P31", "price": 889}, {"product_id": "P28", "price": 714}], "date_of_purchase": "2019-02-19 13:56:00"}
{"customer_id": "C101", "basket": [{"product_id": "P37", "price": 1433}, {"product_id": "P36", "price": 1407}], "date_of_purchase": "2019-02-19 13:02:00"}
{"customer_id": "C102", "basket": [{"product_id": "P35", "price": 1638}], "date_of_purchase": "2019-02-19 07:56:00"}
{"customer_id": "C106", "basket": [{"product_id": "P60", "price": 440}, {"product_id": "P47", "price": 1016}, {"product_id": "P54", "price": 765}], "date_of_purchase": "2019-02-19 08:21:00"}
{"customer_id": "C108", "basket": [{"product_id": "P64", "price": 731}, {"product_id": "P63", "price": 1331}], "date_of_purchase": "2019-02-19 19:46:00"}
{"customer_id": "C133", "basket": [{"product_id": "P61", "price": 829}], "date_of_purchase": "2019-02-19 16:20:00"}
