{"customer_id": "C1", "basket": [{"product_id": "P02", "price": 348}, {"product_id": "P03", "price": 851}], "date_of_purchase": "2019-01-21 09:17:00"}
{"customer_id": "C7", "basket": [{"product_id": "P36", "price": 943}], "date_of_purchase": "2019-01-21 04:59:00"}
{"customer_id": "C26", "basket": [{"product_id": "P49", "price": 419}, {"product_id": "P54", "price": 1760}, {"product_id": "P45", "price": 1563}], "date_of_purchase": "2019-01-21 10:18:00"}
{"customer_id": "C28", "basket": [{"product_id": "P22", "price": 781}, {"product_id": "P29", "price": 1267}], "date_of_purchase": "2019-01-21 06:51:00"}
{"customer_id": "C29", "basket": [{"product_id": "P53", "price": 995}, {"product_id": "P56", "price": 1083}, {"product_id": "P48", "price": 1356}], "date_of_purchase": "2019-01-21 06:53:00"}
{"customer_id": "C35", "basket": [{"product_id": "P37", "price": 646}, {"product_id": "P38", "price": 275}, {"product_id": "P36", "price": 586}], "date_of_purchase": "2019-01-21 08:46:00"}
{"customer_id": "C36", "basket": [{"product_id": "P25", "price": 1451}, {"product_id": "P25", "price": 1043}, {"product_id": "P31", "price": 1270}], "date_of_purchase": "2019-01-21 14:58:00"}
{"customer_id": "C38", "basket": [{"product_id": "P48", "price": 1777}, {"product_id": "P49", "price": 108}, {"product_id": "P55", "price": 155}], "date_of_purchase": "2019-01-21 05:00:00"}
{"customer_id": "C41", "basket": [{"product_id": "P56", "price": 1783}, {"product_id": "P52", "price": 1224}, {"product_id": "P48", "price": 1560}], "date_of_purchase": "2019-01-21 13:10:00"}
{"customer_id": "C56", "basket": [{"product_id": "P19", "price": 16}], "date_of_purchase": "2019-01-21 12:33:00"}
{"customer_id": "C58", "basket": [{"product_id": "P42", "price": 1788}, {"product_id": "P54", "price": 1735}, {"product_id": "P59", "price": 1635}], "date_of_purchase": "2019-01-21 12:52:00"}
{"customer_id": "C63", "basket": [{"product_id": "P11", "price": 1392}, {"product_id": "P05", "price": 748}], "date_of_purchase": "2019-01-21 13:55:00"}
{"customer_id": "C73", "basket": [{"product_id": "P33", "price": 344}, {"product_id": "P23", "price": 1714}, {"product_id": "P23", "price": 818}], "date_of_purchase": "2019-01-21 13:47:00"}
{"customer_id": "C77", "basket": [{"product_id": "P54", "price": 1035}], "date_of_purchase": "2019-01-21 18:05:00"}
{"customer_id": "C81", "basket": [{"product_id": "P07", "price": 252}, {"product_id": "P08", "price": 1237}], "date_of_purchase": "2019-01-21 11:37:00"}
{"customer_id": "C90", "basket": [{"product_id": "P08", "price": 1382}], "date_of_purchase": "2019-01-21 22:48:00"}
{"customer_id": "C98", "basket": [{"product_id": "P25", "price": 1191}, {"product_id": "P25", "price": 1523}, {"product_id": "P27", "price": 894}], "date_of_purchase": "2019-01-21 08:59:00"}
{"customer_id": "C106", "basket": [{"product_id": "P60", "price": 221}, {"product_id": "P57", "price": 526}], "date_of_purchase": "2019-01-21 18:38:00"}
{"customer_id": "C113", "basket": [{"product_id": "P45", "price": 107}, {"product_id": "P43", "price": 173}], "date_of_purchase": "2019-01-21 13:35:00"}
{"customer_id": "C114", "basket": [{"product_id": "P06", "price": 1687}, {"product_id": "P06", "price": 1044}, {"product_id": "P04", "price": 1380}], "date_of_purchase": "2019-01-21 22:06:00"}
