{"customer_id": "C1", "basket": [{"product_id": "P23", "price": 192}, {"product_id": "P33", "price": 1335}, {"product_id": "P22", "price": 551}], "date_of_purchase": "2018-12-10 05:04:00"}
{"customer_id": "C8", "basket": [{"product_id": "P46", "price": 915}, {"product_id": "P46", "price": 1535}, {"product_id": "P45", "price": 546}], "date_of_purchase": "2018-12-10 02:55:00"}
{"customer_id": "C9", "basket": [{"product_id": "P36", "price": 1830}], "date_of_purchase": "2018-12-10 13:19:00"}
{"customer_id": "C11", "basket": [{"product_id": "P62", "price": 592}, {"product_id": "P62", "price": 1234}], "date_of_purchase": "2018-12-10 13:58:00"}
{"customer_id": "C12", "basket": [{"product_id": "P47", "price": 117}, {"product_id": "P55", "price": 1961}, {"product_id": "P60", "price": 1263}], "date_of_purchase": "2018-12-10 11:31:00"}
{"customer_id": "C17", "basket": [{"product_id": "P12", "price": 688}, {"product_id": "P07", "price": 602}, {"product_id": "P03", "price": 571}], "date_of_purchase": "2018-12-10 14:30:00"}
{"customer_id": "C27", "basket": [{"product_id": "P14", "price": 53}, {"product_id": "P17", "price": 1549}], "date_of_purchase": "2018-12-10 21:46:00"}
{"customer_id": "C29", "basket": [{"product_id": "P49", "price": 1029}], "date_of_purchase": "2018-12-10 15:13:00"}
{"customer_id": "C36", "basket": [{"product_id": "P40", "price": 1810}, {"product_id": "P37", "price": 1883}], "date_of_purchase": "2018-12-10 23:16:00"}
{"customer_id": "C43", "basket": [{"product_id": "P33", "price": 1755}, {"product_id": "P24", "price": 51}, {"product_id": "P34", "price": 473}], "date_of_purchase": "2018-12-10 09:35:00"}
{"customer_id": "C48", "basket": [{"product_id": "P61", "price": 235}, {"product_id": "P62", "price": 201}, {"product_id": "P64", "price": 1801}], "date_of_purchase": "2018-12-10 05:22:00"}
{"customer_id": "C55", "basket": [{"product_id": "P32", "price": 306}], "date_of_purchase": "2018-12-10 10:27:00"}
{"customer_id": "C60", "basket": [{"product_id": "P01", "price": 298}, {"product_id": "P09", "price": 1657}], "date_of_purchase": "2018-12-10 09:57:00"}
{"customer_id": "C62", "basket": [{"product_id": "P38", "price": 220}, {"product_id": "P37", "price": 1371}], "date_of_purchase": "2018-12-10 15:27:00"}
{"customer_id": "C65", "basket": [{"product_id": "P15", "price": 764}, {"product_id": "P18", "price": 1340}], "date_of_purchase": "2018-12-10 03:05:00"}
{"customer_id": "C68", "basket": [{"product_id": "P58", "price": 1918}, {"product_id": "P56", "price": 1572}, {"product_id": "P42", "price": 526}], "date_of_purchase": "2018-12-10 18:59:00"}
{"customer_id": "C71", "basket": [{"product_id": "P06", "price": 311}, {"product_id": "P02", "price": 770}, {"product_id": "P01", "price": 880}], "date_of_purchase": "2018-12-10 08:20:00"}
{"customer_id": "C81", "basket": [{"product_id": "P11", "price": 386}, {"product_id": "P05", "price": 794}], "date_of_purchase": "2018-12-10 02:53:00"}
{"customer_id": "C86", "basket": [{"product_id": "P34", "price": 230}], "date_of_purchase": "2018-12-10 07:16:00"}
{"customer_id": "C102", "basket": [{"product_id": "P49", "price": 1337}], "date_of_purchase": "2018-12-10 13:46:00"}
{"customer_id": "C111", "basket": [{"product_id": "P32", "price": 1213}, {"product_id": "P29", "price": 908}], "date_of_purchase": "2018-12-10 11:34:00"}
{"customer_id": "C113", "basket": [{"product_id": "P41", "price": 384}], "date_of_purchase": "2018-12-10 03:34:00"}
{"customer_id": "C114", "basket": [{"product_id": "P05", "price": 1430}, {"product_id": "P07", "price": 978}], "date_of_purchase": "2018-12-10 20:33:00"}
{"customer_id": "C115", "basket": [{"product_id": "P19", "price": 261}, {"product_id": "P18", "price": 1991}], "date_of_purchase": "2018-12-10 23:24:00"}
{"customer_id": "C135", "basket": [{"product_id": "P32", "price": 1308}], "date_of_purchase": "2018-12-10 08:17:00"}
