{"customer_id": "C14", "basket": [{"product_id": "P60", "price": 729}], "date_of_purchase": "2018-12-31 21:34:00"}
{"customer_id": "C27", "basket": [{"product_id": "P55", "price": 289}, {"product_id": "P55", "price": 1797}], "date_of_purchase": "2018-12-31 20:41:00"}
{"customer_id": "C32", "basket": [{"product_id": "P38", "price": 565}, {"product_id": "P39", "price": 127}, {"product_id": "P39", "price": 619}], "date_of_purchase": "2018-12-31 22:16:00"}
{"customer_id": "C37", "basket": [{"product_id": "P55", "price": 1029}, {"product_id": "P50", "price": 585}], "date_of_purchase": "2018-12-31 08:20:00"}
{"customer_id": "C42", "basket": [{"product_id": "P38", "price": 1656}, {"product_id": "P39", "price": 1433}], "date_of_purchase": "2018-12-31 18:06:00"}
{"customer_id": "C43", "basket": [{"product_id": "P29", "price": 946}, {"product_id": "P26", "price": 581}, {"product_id": "P34", "price": 1548}], "date_of_purchase": "2018-12-31 23:30:00"}
{"customer_id": "C47", "basket": [{"product_id": "P48", "price": 1250}, {"product_id": "P48", "price": 1703}, {"product_id": "P49", "price": 42}], "date_of_purchase": "2018-12-31 12:36:00"}
{"customer_id": "C57", "basket": [{"product_id": "P05", "price": 599}], "date_of_purchase": "2018-12-31 23:00:00"}
{"customer_id": "C62", "basket": [{"product_id": "P61", "price": 372}], "date_of_purchase": "2018-12-31 20:57:00"}
{"customer_id": "C64", "basket": [{"product_id": "P41", "price": 550}, {"product_id": "P52", "price": 301}, {"product_id": "P53", "price": 1873}], "date_of_purchase": "2018-12-31 10:02:00"}
{"customer_id": "C70", "basket": [{"product_id": "P37", "price": 255}], "date_of_purchase": "2018-12-31 08:19:00"}
{"customer_id": "C73", "basket": [{"product_id": "P44", "price": 1914}, {"product_id": "P46", "price": 437}], "date_of_purchase": "2018-12-31 13:14:00"}
{"customer_id": "C79", "basket": [{"product_id": "P22", "price": 1278}, {"product_id": "P22", "price": 1865}], "date_of_purchase": "2018-12-31 11:38:00"}
{"customer_id": "C81", "basket": [{"product_id": "P52", "price": 84}, {"product_id": "P41", "price": 78}], "date_of_purchase": "2018-12-31 23:56:00"}
{"customer_id": "C82", "basket": [{"product_id": "P30", "price": 1543}], "date_of_purchase": "2018-12-31 13:34:00"}
{"customer_id": "C91", "basket": [{"product_id": "P39", "price": 168}, {"product_id": "P38", "price": 520}, {"product_id": "P38", "price": 796}], "date_of_purchase": "2018-12-31 04:52:00"}
{"customer_id": "C92", "basket": [{"product_id": "P11", "price": 1635}, {"product_id": "P01", "price": 756}, {"product_id": "P04", "price": 1820}], "date_of_purchase": "2018-12-31 03:54:00"}
{"customer_id": "C102", "basket": [{"product_id": "P39", "price": 1422}], "date_of_purchase": "2018-12-31 06:29:00"}
{"customer_id": "C104", "basket": [{"product_id": "P62", "price": 592}, {"product_id": "P63", "price": 118}, {"product_id": "P62", "price": 1913}], "date_of_purchase": "2018-12-31 23:06:00"}
{"customer_id": "C110", "basket": [{"product_id": "P51", "price": 1363}, {"product_id": "P47", "price": 371}], "date_of_purchase": "2018-12-31 23:26:00"}
{"customer_id": "C112", "basket": [{"product_id": "P23", "price": 469}, {"product_id": "P22", "price": 988}], "date_of_purchase": "2018-12-31 10:51:00"}
{"customer_id": "C118", "basket": [{"product_id": "P37", "price": 299}, {"product_id": "P38", "price": 1699}, {"product_id": "P37", "price": 1136}], "date_of_purchase": "2018-12-31 05:38:00"}
{"customer_id": "C122", "basket": [{"product_id": "P58", "price": 1985}, {"product_id": "P44", "price": 280}], "date_of_purchase": "2018-12-31 07:39:00"}
{"customer_id": "C123", "basket": [{"product_id": "P03", "price": 1501}, {"product_id": "P02", "price": 1402}], "date_of_purchase": "2018-12-31 21:11:00"}
