{"customer_id": "C7", "basket": [{"product_id": "P39", "price": 1179}, {"product_id": "P38", "price": 1809}], "date_of_purchase": "2018-12-24 14:31:00"}
{"customer_id": "C9", "basket": [{"product_id": "P38", "price": 841}, {"product_id": "P35", "price": 291}, {"product_id": "P35", "price": 839}], "date_of_purchase": "2018-12-24 20:23:00"}
{"customer_id": "C10", "basket": [{"product_id": "P23", "price": 578}, {"product_id": "P31", "price": 867}, {"product_id": "P23", "price": 561}], "date_of_purchase": "2018-12-24 22:45:00"}
{"customer_id": "C14", "basket": [{"product_id": "P44", "price": 414}, {"product_id": "P59", "price": 1274}], "date_of_purchase": "2018-12-24 07:32:00"}
{"customer_id": "C34", "basket": [{"product_id": "P51", "price": 313}, {"product_id": "P47", "price": 1405}], "date_of_purchase": "2018-12-24 05:53:00"}
{"customer_id": "C38", "basket": [{"product_id": "P53", "price": 751}, {"product_id": "P59", "price": 1571}], "date_of_purchase": "2018-12-24 20:18:00"}
{"customer_id": "C40", "basket": [{"product_id": "P08", "price": 956}], "date_of_purchase": "2018-12-24 13:05:00"}
{"customer_id": "C43", "basket": [{"product_id": "P23", "price": 1189}, {"product_id": "P25", "price": 1064}], "date_of_purchase": "2018-12-24 19:00:00"}
{"customer_id": "C46", "basket": [{"product_id": "P36", "price": 447}], "date_of_purchase": "2018-12-24 19:45:00"}
{"customer_id": "C53", "basket": [{"product_id": "P28", "price": 216}, {"product_id": "P28", "price": 1790}, {"product_id": "P28", "price": 922}], "date_of_purchase": "2018-12-24 23:16:00"}
{"customer_id": "C57", "basket": [{"product_id": "P53", "price": 1507}], "date_of_purchase": "2018-12-24 07:19:00"}
{"customer_id": "C63", "basket": [{"product_id": "P34", "price": 842}, {"product_id": "P25", "price": 67}, {"product_id": "P34", "price": 920}], "date_of_purchase": "2018-12-24 08:53:00"}
{"customer_id": "C65", "basket": [{"product_id": "P13", "price": 371}, {"product_id": "P21", "price": 506}, {"product_id": "P21", "price": 1500}], "date_of_purchase": "2018-12-24 16:47:00"}
{"customer_id": "C66", "basket": [{"product_id": "P29", "price": 1183}], "date_of_purchase": "2018-12-24 12:43:00"}
{"customer_id": "C70", "basket": [{"product_id": "P35", "price": 432}, {"product_id": "P38", "price": 357}], "date_of_purchase": "2018-12-24 22:28:00"}
{"customer_id": "C71", "basket": [{"product_id": "P08", "price": 1495}, {"product_id": "P01", "price": 1752}], "date_of_purchase": "2018-12-24 04:22:00"}
{"customer_id": "C79", "basket": [{"product_id": "P31", "price": 688}], "date_of_purchase": "2018-12-24 07:26:00"}
{"customer_id": "C91", "basket": [{"product_id": "P53", "price": 1859}, {"product_id": "P60", "price": 1214}], "date_of_purchase": "2018-12-24 08:48:00"}
{"customer_id": "C94", "basket": [{"product_id": "P61", "price": 910}, {"product_id": "P61", "price": 849}, {"product_id": "P61", "price": 1930}], "date_of_purchase": "2018-12-24 05:05:00"}
{"customer_id": "C104", "basket": [{"product_id": "P48", "price": 679}, {"product_id": "P43", "price": 269}], "date_of_purchase": "2018-12-24 12:11:00"}
{"customer_id": "C109", "basket": [{"product_id": "P02", "price": 868}, {"product_id": "P07", "price": 1998}], "date_of_purchase": "2018-12-24 06:47:00"}
{"customer_id": "C117", "basket": [{"product_id": "P19", "price": 869}], "date_of_purchase": "2018-12-24 11:11:00"}
{"customer_id": "C118", "basket": [{"product_id": "P13", "price": 1482}, {"product_id": "P15", "price": 1194}, {"product_id": "P16", "price": 1301}], "date_of_purchase": "2018-12-24 07:10:00"}
{"customer_id": "C125", "basket": [{"product_id": "P61", "price": 331}, {"product_id": "P64", "price": 901}, {"product_id": "P64", "price": 1673}], "date_of_purchase": "2018-12-24 12:37:00"}
{"customer_id": "C128", "basket": [{"product_id": "P25", "price": 102}, {"product_id": "P23", "price": 777}, {"product_id": "P29", "price": 578}], "date_of_purchase": "2018-12-24 15:24:00"}
