{"customer_id": "C3", "basket": [{"product_id": "P64", "price": 1711}, {"product_id": "P62", "price": 1675}, {"product_id": "P63", "price": 435}], "date_of_purchase": "2018-12-08 22:15:00"}
{"customer_id": "C7", "basket": [{"product_id": "P35", "price": 1440}], "date_of_purchase": "2018-12-08 04:20:00"}
{"customer_id": "C13", "basket": [{"product_id": "P62", "price": 1349}, {"product_id": "P61", "price": 354}, {"product_id": "P63", "price": 128}], "date_of_purchase": "2018-12-08 18:08:00"}
{"customer_id": "C15", "basket": [{"product_id": "P33", "price": 378}], "date_of_purchase": "2018-12-08 20:53:00"}
{"customer_id": "C23", "basket": [{"product_id": "P54", "price": 679}, {"product_id": "P60", "price": 458}, {"product_id": "P41", "price": 610}], "date_of_purchase": "2018-12-08 03:13:00"}
{"customer_id": "C25", "basket": [{"product_id": "P09", "price": 1508}, {"product_id": "P05", "price": 1862}, {"product_id": "P05", "price": 1262}], "date_of_purchase": "2018-12-08 17:42:00"}
{"customer_id": "C28", "basket": [{"product_id": "P27", "price": 121}, {"product_id": "P31", "price": 986}], "date_of_purchase": "2018-12-08 21:21:00"}
{"customer_id": "C29", "basket": [{"product_id": "P51", "price": 627}, {"product_id": "P55", "price": 1801}, {"product_id": "P57", "price": 995}], "date_of_purchase": "2018-12-08 21:13:00"}
{"customer_id": "C47", "basket": [{"product_id": "P44", "price": 1577}, {"product_id": "P49", "price": 121}], "date_of_purchase": "2018-12-08 14:42:00"}
{"customer_id": "C54", "basket": [{"product_id": "P38", "price": 1829}], "date_of_purchase": "2018-12-08 14:10:00"}
{"customer_id": "C60", "basket": [{"product_id": "P27", "price": 1387}, {"product_id": "P29", "price": 337}, {"product_id": "P25", "price": 1524}], "date_of_purchase": "2018-12-08 23:35:00"}
{"customer_id": "C62", "basket": [{"product_id": "P57", "price": 1484}], "date_of_purchase": "2018-12-08 19:22:00"}
{"customer_id": "C63", "basket": [{"product_id": "P29", "price": 1933}], "date_of_purchase": "2018-12-08 22:41:00"}
{"customer_id": "C64", "basket": [{"product_id": "P16", "price": 86}, {"product_id": "P15", "price": 547}, {"product_id": "P20", "price": 909}], "date_of_purchase": "2018-12-08 11:37:00"}
{"customer_id": "C67", "basket": [{"product_id": "P40", "price": 186}], "date_of_purchase": "2018-12-08 16:47:00"}
{"customer_id": "C72", "basket": [{"product_id": "P08", "price": 1785}, {"product_id": "P04", "price": 1008}], "date_of_purchase": "2018-12-08 03:14:00"}
{"customer_id": "C82", "basket": [{"product_id": "P02", "price": 950}], "date_of_purchase": "2018-12-08 07:18:00"}
{"customer_id": "C100", "basket": [{"product_id": "P62", "price": 1025}, {"product_id": "P64", "price": 1325}], "date_of_purchase": "2018-12-08 21:50:00"}
{"customer_id": "C108", "basket": [{"product_id": "P41", "price": 719}], "date_of_purchase": "2018-12-08 05:37:00"}
{"customer_id": "C113", "basket": [{"product_id": "P42", "price": 1748}], "date_of_purchase": "2018-12-08 04:05:00"}
{"customer_id": "C115", "basket": [{"product_id": "P35", "price": 34}, {"product_id": "P35", "price": 1376}, {"product_id": "P35", "price": 740}], "date_of_purchase": "2018-12-08 03:48:00"}
{"customer_id": "C118", "basket": [{"product_id": "P38", "price": 1998}], "date_of_purchase": "2018-12-08 05:10:00"}
{"customer_id": "C124", "basket": [{"product_id": "P62", "price": 1900}], "date_of_purchase": "2018-12-08 23:55:00"}
