{"customer_id": "C1", "basket": [{"product_id": "P36", "price": 1982}, {"product_id": "P38", "price": 1190}, {"product_id": "P35", "price": 975}], "date_of_purchase": "2019-01-25 12:22:00"}
{"customer_id": "C4", "basket": [{"product_id": "P17", "price": 1101}, {"product_id": "P19", "price": 434}], "date_of_purchase": "2019-01-25 11:22:00"}
{"customer_id": "C5", "basket": [{"product_id": "P46", "price": 105}], "date_of_purchase": "2019-01-25 22:46:00"}
{"customer_id": "C10", "basket": [{"product_id": "P36", "price": 1475}], "date_of_purchase": "2019-01-25 20:08:00"}
{"customer_id": "C13", "basket": [{"product_id": "P07", "price": 411}, {"product_id": "P08", "price": 67}, {"product_id": "P05", "price": 197}], "date_of_purchase": "2019-01-25 07:13:00"}
{"customer_id": "C20", "basket": [{"product_id": "P18", "price": 967}], "date_of_purchase": "2019-01-25 18:42:00"}
{"customer_id": "C26", "basket": [{"product_id": "P50", "price": 1178}, {"product_id": "P54", "price": 983}], "date_of_purchase": "2019-01-25 07:05:00"}
{"customer_id": "C27", "basket": [{"product_id": "P36", "price": 666}, {"product_id": "P36", "price": 1308}], "date_of_purchase": "2019-01-25 20:15:00"}
{"customer_id": "C35", "basket": [{"product_id": "P35", "price": 283}], "date_of_purchase": "2019-01-25 03:39:00"}
{"customer_id": "C43", "basket": [{"product_id": "P32", "price": 25}], "date_of_purchase": "2019-01-25 15:24:00"}
{"customer_id": "C56", "basket": [{"product_id": "P10", "price": 99}], "date_of_purchase": "2019-01-25 09:18:00"}
{"customer_id": "C57", "basket": [{"product_id": "P59", "price": 363}], "date_of_purchase": "2019-01-25 13:14:00"}
{"customer_id": "C72", "basket": [{"product_id": "P09", "price": 1354}, {"product_id": "P09", "price": 1401}, {"product_id": "P03", "price": 607}], "date_of_purchase": "2019-01-25 16:57:00"}
{"customer_id": "C81", "basket": [{"product_id": "P58", "price": 1290}, {"product_id": "P47", "price": 1736}], "date_of_purchase": "2019-01-25 07:01:00"}
{"customer_id": "C82", "basket": [{"product_id": "P44", "price": 1127}, {"product_id": "P50", "price": 552}, {"product_id": "P57", "price": 1870}], "date_of_purchase": "2019-01-25 21:29:00"}
{"customer_id": "C84", "basket": [{"product_id": "P56", "price": 1420}], "date_of_purchase": "2019-01-25 11:35:00"}
{"customer_id": "C86", "basket": [{"product_id": "P64", "price": 990}], "date_of_purchase": "2019-01-25 22:04:00"}
{"customer_id": "C87", "basket": [{"product_id": "P25", "price": 1742}], "date_of_purchase": "2019-01-25 19:41:00"}
{"customer_id": "C89", "basket": [{"product_id": "P41", "price": 1163}], "date_of_purchase": "2019-01-25 14:24:00"}
{"customer_id": "C90", "basket": [{"product_id": "P19", "price": 100}], "date_of_purchase": "2019-01-25 18:37:00"}
{"customer_id": "C91", "basket": [{"product_id": "P35", "price": 1492}], "date_of_purchase": "2019-01-25 10:31:00"}
{"customer_id": "C92", "basket": [{"product_id": "P57", "price": 719}], "date_of_purchase": "2019-01-25 14:23:00"}
{"customer_id": "C93", "basket": [{"product_id": "P24", "price": 645}], "date_of_purchase": "2019-01-25 03:10:00"}
{"customer_id": "C99", "basket": [{"product_id": "P02", "price": 715}, {"product_id": "P01", "price": 1057}, {"product_id": "P08", "price": 1688}], "date_of_purchase": "2019-01-25 15:21:00"}
{"customer_id": "C101", "basket": [{"product_id": "P64", "price": 180}], "date_of_purchase": "2019-01-25 22:38:00"}
{"customer_id": "C104", "basket": [{"product_id": "P63", "price": 737}, {"product_id": "P63", "price": 1177}], "date_of_purchase": "2019-01-25 10:01:00"}
{"customer_id": "C109", "basket": [{"product_id": "P04", "price": 889}, {"product_id": "P11", "price": 1680}, {"product_id": "P12", "price": 345}], "date_of_purchase": "2019-01-25 21:14:00"}
{"customer_id": "C114", "basket": [{"product_id": "P64", "price": 1276}], "date_of_purchase": "2019-01-25 21:19:00"}
{"customer_id": "C119", "basket": [{"product_id": "P35", "price": 1094}, {"product_id": "P35", "price": 581}, {"product_id": "P39", "price": 1145}], "date_of_purchase": "2019-01-25 12:26:00"}
{"customer_id": "C127", "basket": [{"product_id": "P22", "price": 1965}], "date_of_purchase": "2019-01-25 20:12:00"}
{"customer_id": "C132", "basket": [{"product_id": "P29", "price": 518}, {"product_id": "P26", "price": 118}, {"product_id": "P22", "price": 653}], "date_of_purchase": "2019-01-25 13:59:00"}
{"customer_id": "C134", "basket": [{"product_id": "P37", "price": 1581}, {"product_id": "P39", "price": 1178}], "date_of_purchase": "2019-01-25 16:38:00"}
{"customer_id": "C137", "basket": [{"product_id": "P50", "price": 780}, {"product_id": "P44", "price": 1570}, {"product_id": "P55", "price": 513}], "date_of_purchase": "2019-01-25 10:32:00"}
