{"customer_id": "C4", "basket": [{"product_id": "P37", "price": 1642}, {"product_id": "P35", "price": 126}, {"product_id": "P36", "price": 1812}], "date_of_purchase": "2018-12-20 18:35:00"}
{"customer_id": "C5", "basket": [{"product_id": "P42", "price": 901}, {"product_id": "P57", "price": 795}, {"product_id": "P55", "price": 1815}], "date_of_purchase": "2018-12-20 08:55:00"}
{"customer_id": "C6", "basket": [{"product_id": "P40", "price": 301}, {"product_id": "P37", "price": 1500}, {"product_id": "P40", "price": 486}], "date_of_purchase": "2018-12-20 06:51:00"}
{"customer_id": "C12", "basket": [{"product_id": "P57", "price": 1245}, {"product_id": "P46", "price": 832}, {"product_id": "P49", "price": 1435}], "date_of_purchase": "2018-12-20 18:08:00"}
{"customer_id": "C20", "basket": [{"product_id": "P64", "price": 675}, {"product_id": "P61", "price": 1100}], "date_of_purchase": "2018-12-20 03:39:00"}
{"customer_id": "C29", "basket": [{"product_id": "P60", "price": 1262}, {"product_id": "P59", "price": 54}], "date_of_purchase": "2018-12-20 21:25:00"}
{"customer_id": "C31", "basket": [{"product_id": "P63", "price": 999}, {"product_id": "P64", "price": 1137}], "date_of_purchase": "2018-12-20 12:06:00"}
{"customer_id": "C52", "basket": [{"product_id": "P61", "price": 1600}, {"product_id": "P63", "price": 587}, {"product_id": "P64", "price": 985}], "date_of_purchase": "2018-12-20 19:35:00"}
{"customer_id": "C53", "basket": [{"product_id": "P36", "price": 751}, {"product_id": "P35", "price": 1911}], "date_of_purchase": "2018-12-20 03:59:00"}
{"customer_id": "C58", "basket": [{"product_id": "P36", "price": 556}, {"product_id": "P38", "price": 974}], "date_of_purchase": "2018-12-20 22:53:00"}
{"customer_id": "C59", "basket": [{"product_id": "P40", "price": 1234}, {"product_id": "P39", "price": 234}, {"product_id": "P38", "price": 1896}], "date_of_purchase": "2018-12-20 05:07:00"}
{"customer_id": "C68", "basket": [{"product_id": "P41", "price": 1605}, {"product_id": "P55", "price": 975}, {"product_id": "P41", "price": 1289}], "date_of_purchase": "2018-12-20 07:21:00"}
{"customer_id": "C69", "basket": [{"product_id": "P37", "price": 1627}, {"product_id": "P35", "price": 986}, {"product_id": "P40", "price": 448}], "date_of_purchase": "2018-12-20 19:53:00"}
{"customer_id": "C74", "basket": [{"product_id": "P30", "price": 1618}, {"product_id": "P31", "price": 594}], "date_of_purchase": "2018-12-20 07:22:00"}
{"customer_id": "C79", "basket": [{"product_id": "P25", "price": 377}, {"product_id": "P34", "price": 712}, {"product_id": "P27", "price": 1551}], "date_of_purchase": "2018-12-20 09:53:00"}
{"customer_id": "C80", "basket": [{"product_id": "P28", "price": 837}, {"product_id": "P32", "price": 1409}, {"product_id": "P23", "price": 250}], "date_of_purchase": "2018-12-20 21:22:00"}
{"customer_id": "C81", "basket": [{"product_id": "P06", "price": 1386}, {"product_id": "P05", "price": 36}], "date_of_purchase": "2018-12-20 22:38:00"}
{"customer_id": "C83", "basket": [{"product_id": "P63", "price": 714}, {"product_id": "P62", "price": 960}, {"product_id": "P63", "price": 759}], "date_of_purchase": "2018-12-20 10:50:00"}
{"customer_id": "C94", "basket": [{"product_id": "P62", "price": 1463}, {"product_id": "P64", "price": 1556}, {"product_id": "P61", "price": 1692}], "date_of_purchase": "2018-12-20 17:39:00"}
{"customer_id": "C104", "basket": [{"product_id": "P62", "price": 918}, {"product_id": "P62", "price": 1630}], "date_of_purchase": "2018-12-20 20:04:00"}
{"customer_id": "C108", "basket": [{"product_id": "P63", "price": 587}, {"product_id": "P63", "price": 666}, {"product_id": "P61", "price": 792}], "date_of_purchase": "2018-12-20 07:17:00"}
{"customer_id": "C115", "basket": [{"product_id": "P18", "price": 143}], "date_of_purchase": "2018-12-20 21:02:00"}
{"customer_id": "C117", "basket": [{"product_id": "P31", "price": 1078}], "date_of_purchase": "2018-12-20 17:01:00"}
{"customer_id": "C124", "basket": [{"product_id": "P52", "price": 1936}], "date_of_purchase": "2018-12-20 18:47:00"}
{"customer_id": "C125", "basket": [{"product_id": "P30", "price": 4}, {"product_id": "P30", "price": 1206}, {"product_id": "P22", "price": 1297}], "date_of_purchase": "2018-12-20 22:33:00"}
{"customer_id": "C127", "basket": [{"product_id": "P34", "price": 1917}, {"product_id": "P30", "price": 825}], "date_of_purchase": "2018-12-20 11:02:00"}
{"customer_id": "C128", "basket": [{"product_id": "P30", "price": 1329}, {"product_id": "P32", "price": 70}, {"product_id": "P26", "price": 569}], "date_of_purchase": "2018-12-20 09:50:00"}
{"customer_id": "C130", "basket": [{"product_id": "P51", "price": 1309}], "date_of_purchase": "2018-12-20 18:46:00"}
