{"customer_id": "C7", "basket": [{"product_id": "P36", "price": 1292}], "date_of_purchase": "2019-01-27 16:09:00"}
{"customer_id": "C8", "basket": [{"product_id": "P30", "price": 1932}, {"product_id": "P29", "price": 728}, {"product_id": "P25", "price": 1791}], "date_of_purchase": "2019-01-27 22:39:00"}
{"customer_id": "C12", "basket": [{"product_id": "P54", "price": 1512}, {"product_id": "P42", "price": 227}, {"product_id": "P46", "price": 437}], "date_of_purchase": "2019-01-27 07:55:00"}
{"customer_id": "C13", "basket": [{"product_id": "P42", "price": 943}, {"product_id": "P47", "price": 1577}], "date_of_purchase": "2019-01-27 08:38:00"}
{"customer_id": "C19", "basket": [{"product_id": "P40", "price": 598}], "date_of_purchase": "2019-01-27 23:53:00"}
{"customer_id": "C21", "basket": [{"product_id": "P05", "price": 258}, {"product_id": "P08", "price": 78}, {"product_id": "P08", "price": 593}], "date_of_purchase": "2019-01-27 19:15:00"}
{"customer_id": "C23", "basket": [{"product_id": "P43", "price": 1466}, {"product_id": "P56", "price": 664}], "date_of_purchase": "2019-01-27 18:07:00"}
{"customer_id": "C31", "basket": [{"product_id": "P24", "price": 1256}, {"product_id": "P27", "price": 167}], "date_of_purchase": "2019-01-27 12:08:00"}
{"customer_id": "C35", "basket": [{"product_id": "P57", "price": 885}, {"product_id": "P45", "price": 1579}, {"product_id": "P58", "price": 143}], "date_of_purchase": "2019-01-27 10:55:00"}
{"customer_id": "C37", "basket": [{"product_id": "P41", "price": 522}, {"product_id": "P54", "price": 1245}], "date_of_purchase": "2019-01-27 08:10:00"}
{"customer_id": "C42", "basket": [{"product_id": "P24", "price": 539}], "date_of_purchase": "2019-01-27 13:14:00"}
{"customer_id": "C43", "basket": [{"product_id": "P33", "price": 949}, {"product_id": "P27", "price": 1479}], "date_of_purchase": "2019-01-27 12:24:00"}
{"customer_id": "C48", "basket": [{"product_id": "P64", "price": 958}, {"product_id": "P62", "price": 770}, {"product_id": "P64", "price": 907}], "date_of_purchase": "2019-01-27 19:59:00"}
{"customer_id": "C49", "basket": [{"product_id": "P53", "price": 404}], "date_of_purchase": "2019-01-27 21:31:00"}
{"customer_id": "C60", "basket": [{"product_id": "P24", "price": 1495}, {"product_id": "P23", "price": 1637}, {"product_id": "P34", "price": 210}], "date_of_purchase": "2019-01-27 13:45:00"}
{"customer_id": "C99", "basket": [{"product_id": "P35", "price": 1269}, {"product_id": "P38", "price": 1003}, {"product_id": "P38", "price": 1890}], "date_of_purchase": "2019-01-27 18:38:00"}
{"customer_id": "C106", "basket": [{"product_id": "P53", "price": 768}, {"product_id": "P44", "price": 1296}, {"product_id": "P56", "price": 248}], "date_of_purchase": "2019-01-27 23:44:00"}
{"customer_id": "C107", "basket": [{"product_id": "P39", "price": 286}, {"product_id": "P37", "price": 278}, {"product_id": "P36", "price": 663}], "date_of_purchase": "2019-01-27 18:40:00"}
{"customer_id": "C111", "basket": [{"product_id": "P31", "price": 712}, {"product_id": "P32", "price": 216}], "date_of_purchase": "2019-01-27 17:40:00"}
{"customer_id": "C113", "basket": [{"product_id": "P35", "price": 659}], "date_of_purchase": "2019-01-27 23:17:00"}
{"customer_id": "C117", "basket": [{"product_id": "P02", "price": 919}, {"product_id": "P11", "price": 1934}, {"product_id": "P10", "price": 1630}], "date_of_purchase": "2019-01-27 11:51:00"}
{"customer_id": "C120", "basket": [{"product_id": "P38", "price": 702}, {"product_id": "P35", "price": 1529}], "date_of_purchase": "2019-01-27 14:00:00"}
{"customer_id": "C125", "basket": [{"product_id": "P63", "price": 1102}, {"product_id": "P62", "price": 1108}, {"product_id": "P61", "price": 791}], "date_of_purchase": "2019-01-27 20:07:00"}
{"customer_id": "C127", "basket": [{"product_id": "P23", "price": 309}], "date_of_purchase": "2019-01-27 08:52:00"}
