{"customer_id": "C4", "basket": [{"product_id": "P57", "price": 716}, {"product_id": "P52", "price": 795}, {"product_id": "P44", "price": 1014}], "date_of_purchase": "2019-02-18 08:24:00"}
{"customer_id": "C5", "basket": [{"product_id": "P51", "price": 1856}], "date_of_purchase": "2019-02-18 16:41:00"}
{"customer_id": "C9", "basket": [{"product_id": "P37", "price": 1771}], "date_of_purchase": "2019-02-18 10:03:00"}
{"customer_id": "C12", "basket": [{"product_id": "P53", "price": 1588}, {"product_id": "P58", "price": 1051}], "date_of_purchase": "2019-02-18 21:09:00"}
{"customer_id": "C16", "basket": [{"product_id": "P40", "price": 760}, {"product_id": "P35", "price": 118}], "date_of_purchase": "2019-02-18 05:54:00"}
{"customer_id": "C17", "basket": [{"product_id": "P06", "price": 701}, {"product_id": "P03", "price": 1410}, {"product_id": "P06", "price": 1569}], "date_of_purchase": "2019-02-18 12:14:00"}
{"customer_id": "C18", "basket": [{"product_id": "P02", "price": 959}], "date_of_purchase": "2019-02-18 12:48:00"}
{"customer_id": "C21", "basket": [{"product_id": "P12", "price": 1633}, {"product_id": "P01", "price": 1378}], "date_of_purchase": "2019-02-18 14:01:00"}
{"customer_id": "C23", "basket": [{"product_id": "P48", "price": 234}, {"product_id": "P54", "price": 174}], "date_of_purchase": "2019-02-18 15:08:00"}
{"customer_id": "C30", "basket": [{"product_id": "P60", "price": 832}], "date_of_purchase": "2019-02-18 03:54:00"}
{"customer_id": "C43", "basket": [{"product_id": "P24", "price": 1259}], "date_of_purchase": "2019-02-18 02:53:00"}
{"customer_id": "C50", "basket": [{"product_id": "P01", "price": 18}, {"product_id": "P08", "price": 437}, {"product_id": "P12", "price": 1819}], "date_of_purchase": "2019-02-18 11:24:00"}
{"customer_id": "C60", "basket": [{"product_id": "P40", "price": 1334}, {"product_id": "P37", "price": 648}, {"product_id": "P38", "price": 18}], "date_of_purchase": "2019-02-18 23:50:00"}
{"customer_id": "C71", "basket": [{"product_id": "P57", "price": 60}, {"product_id": "P58", "price": 1864}], "date_of_purchase": "2019-02-18 16:01:00"}
{"customer_id": "C79", "basket": [{"product_id": "P29", "price": 1562}], "date_of_purchase": "2019-02-18 03:20:00"}
{"customer_id": "C108", "basket": [{"product_id": "P64", "price": 487}, {"product_id": "P62", "price": 1688}], "date_of_purchase": "2019-02-18 23:22:00"}
{"customer_id": "C123", "basket": [{"product_id": "P02", "price": 88}], "date_of_purchase": "2019-02-18 16:13:00"}
