{"customer_id": "C2", "basket": [{"product_id": "P07", "price": 456}, {"product_id": "P01", "price": 565}], "date_of_purchase": "2018-12-15 20:42:00"}
{"customer_id": "C3", "basket": [{"product_id": "P10", "price": 358}, {"product_id": "P12", "price": 697}, {"product_id": "P08", "price": 1185}], "date_of_purchase": "2018-12-15 11:59:00"}
{"customer_id": "C6", "basket": [{"product_id": "P04", "price": 793}, {"product_id": "P11", "price": 582}], "date_of_purchase": "2018-12-15 11:09:00"}
{"customer_id": "C7", "basket": [{"product_id": "P37", "price": 521}], "date_of_purchase": "2018-12-15 10:06:00"}
{"customer_id": "C9", "basket": [{"product_id": "P35", "price": 1198}], "date_of_purchase": "2018-12-15 17:10:00"}
{"customer_id": "C12", "basket": [{"product_id": "P44", "price": 1084}, {"product_id": "P42", "price": 1924}], "date_of_purchase": "2018-12-15 07:47:00"}
{"customer_id": "C24", "basket": [{"product_id": "P36", "price": 923}], "date_of_purchase": "2018-12-15 10:15:00"}
{"customer_id": "C29", "basket": [{"product_id": "P55", "price": 854}, {"product_id": "P49", "price": 761}], "date_of_purchase": "2018-12-15 17:50:00"}
{"customer_id": "C31", "basket": [{"product_id": "P63", "price": 975}, {"product_id": "P62", "price": 1841}, {"product_id": "P63", "price": 117}], "date_of_purchase": "2018-12-15 17:59:00"}
{"customer_id": "C43", "basket": [{"product_id": "P23", "price": 1438}], "date_of_purchase": "2018-12-15 19:41:00"}
{"customer_id": "C54", "basket": [{"product_id": "P35", "price": 1217}], "date_of_purchase": "2018-12-15 17:47:00"}
{"customer_id": "C57", "basket": [{"product_id": "P49", "price": 301}, {"product_id": "P58", "price": 652}], "date_of_purchase": "2018-12-15 16:28:00"}
{"customer_id": "C62", "basket": [{"product_id": "P61", "price": 131}, {"product_id": "P64", "price": 1553}], "date_of_purchase": "2018-12-15 10:10:00"}
{"customer_id": "C63", "basket": [{"product_id": "P11", "price": 850}, {"product_id": "P12", "price": 91}, {"product_id": "P10", "price": 622}], "date_of_purchase": "2018-12-15 08:10:00"}
{"customer_id": "C64", "basket": [{"product_id": "P39", "price": 275}], "date_of_purchase": "2018-12-15 23:23:00"}
{"customer_id": "C66", "basket": [{"product_id": "P15", "price": 1758}], "date_of_purchase": "2018-12-15 19:44:00"}
{"customer_id": "C67", "basket": [{"product_id": "P37", "price": 1461}], "date_of_purchase": "2018-12-15 19:20:00"}
{"customer_id": "C79", "basket": [{"product_id": "P28", "price": 831}, {"product_id": "P25", "price": 909}], "date_of_purchase": "2018-12-15 13:09:00"}
{"customer_id": "C84", "basket": [{"product_id": "P24", "price": 1113}, {"product_id": "P34", "price": 1092}, {"product_id": "P24", "price": 438}], "date_of_purchase": "2018-12-15 03:19:00"}
{"customer_id": "C90", "basket": [{"product_id": "P40", "price": 471}], "date_of_purchase": "2018-12-15 21:27:00"}
{"customer_id": "C93", "basket": [{"product_id": "P26", "price": 1764}], "date_of_purchase": "2018-12-15 07:10:00"}
{"customer_id": "C97", "basket": [{"product_id": "P16", "price": 1945}, {"product_id": "P13", "price": 1256}], "date_of_purchase": "2018-12-15 10:24:00"}
{"customer_id": "C100", "basket": [{"product_id": "P64", "price": 65}, {"product_id": "P64", "price": 1216}, {"product_id": "P62", "price": 1850}], "date_of_purchase": "2018-12-15 17:36:00"}
{"customer_id": "C102", "basket": [{"product_id": "P37", "price": 1766}], "date_of_purchase": "2018-12-15 06:05:00"}
{"customer_id": "C104", "basket": [{"product_id": "P62", "price": 853}, {"product_id": "P63", "price": 1732}, {"product_id": "P61", "price": 1443}], "date_of_purchase": "2018-12-15 05:50:00"}
{"customer_id": "C113", "basket": [{"product_id": "P52", "price": 1185}], "date_of_purchase": "2018-12-15 16:46:00"}
{"customer_id": "C119", "basket": [{"product_id": "P36", "price": 1013}, {"product_id": "P37", "price": 934}, {"product_id": "P39", "price": 1523}], "date_of_purchase": "2018-12-15 11:21:00"}
{"customer_id": "C125", "basket": [{"product_id": "P64", "price": 217}, {"product_id": "P63", "price": 368}, {"product_id": "P62", "price": 708}], "date_of_purchase": "2018-12-15 18:45:00"}
{"customer_id": "C131", "basket": [{"product_id": "P07", "price": 1548}], "date_of_purchase": "2018-12-15 03:19:00"}
