{"customer_id": "C4", "basket": [{"product_id": "P36", "price": 816}], "date_of_purchase": "2018-12-19 16:33:00"}
{"customer_id": "C6", "basket": [{"product_id": "P40", "price": 627}], "date_of_purchase": "2018-12-19 05:07:00"}
{"customer_id": "C13", "basket": [{"product_id": "P54", "price": 47}, {"product_id": "P56", "price": 1479}, {"product_id": "P46", "price": 707}], "date_of_purchase": "2018-12-19 20:29:00"}
{"customer_id": "C16", "basket": [{"product_id": "P38", "price": 818}], "date_of_purchase": "2018-12-19 14:08:00"}
{"customer_id": "C17", "basket": [{"product_id": "P04", "price": 1669}, {"product_id": "P04", "price": 549}], "date_of_purchase": "2018-12-19 13:27:00"}
{"customer_id": "C20", "basket": [{"product_id": "P16", "price": 1213}, {"product_id": "P16", "price": 1340}], "date_of_purchase": "2018-12-19 12:37:00"}
{"customer_id": "C36", "basket": [{"product_id": "P57", "price": 1002}, {"product_id": "P54", "price": 1088}, {"product_id": "P53", "price": 1601}], "date_of_purchase": "2018-12-19 20:25:00"}
{"customer_id": "C47", "basket": [{"product_id": "P59", "price": 957}, {"product_id": "P52", "price": 1955}, {"product_id": "P60", "price": 1678}], "date_of_purchase": "2018-12-19 19:32:00"}
{"customer_id": "C56", "basket": [{"product_id": "P09", "price": 1581}, {"product_id": "P09", "price": 1930}, {"product_id": "P01", "price": 1591}], "date_of_purchase": "2018-12-19 07:38:00"}
{"customer_id": "C57", "basket": [{"product_id": "P12", "price": 554}, {"product_id": "P07", "price": 1925}], "date_of_purchase": "2018-12-19 11:04:00"}
{"customer_id": "C63", "basket": [{"product_id": "P01", "price": 1440}], "date_of_purchase": "2018-12-19 19:50:00"}
{"customer_id": "C66", "basket": [{"product_id": "P63", "price": 130}], "date_of_purchase": "2018-12-19 11:25:00"}
{"customer_id": "C72", "basket": [{"product_id": "P35", "price": 1843}, {"product_id": "P37", "price": 534}], "date_of_purchase": "2018-12-19 19:15:00"}
{"customer_id": "C82", "basket": [{"product_id": "P43", "price": 1143}, {"product_id": "P41", "price": 1787}], "date_of_purchase": "2018-12-19 03:36:00"}
{"customer_id": "C93", "basket": [{"product_id": "P23", "price": 379}, {"product_id": "P29", "price": 1769}, {"product_id": "P34", "price": 1885}], "date_of_purchase": "2018-12-19 08:38:00"}
{"customer_id": "C104", "basket": [{"product_id": "P61", "price": 999}, {"product_id": "P62", "price": 991}], "date_of_purchase": "2018-12-19 13:45:00"}
{"customer_id": "C113", "basket": [{"product_id": "P59", "price": 1299}, {"product_id": "P44", "price": 1304}], "date_of_purchase": "2018-12-19 15:01:00"}
{"customer_id": "C114", "basket": [{"product_id": "P02", "price": 504}, {"product_id": "P10", "price": 288}], "date_of_purchase": "2018-12-19 08:46:00"}
{"customer_id": "C118", "basket": [{"product_id": "P39", "price": 546}], "date_of_purchase": "2018-12-19 10:21:00"}
{"customer_id": "C121", "basket": [{"product_id": "P63", "price": 262}, {"product_id": "P63", "price": 74}, {"product_id": "P62", "price": 1971}], "date_of_purchase": "2018-12-19 03:04:00"}
{"customer_id": "C123", "basket": [{"product_id": "P04", "price": 1845}, {"product_id": "P12", "price": 1407}], "date_of_purchase": "2018-12-19 16:11:00"}
{"customer_id": "C128", "basket": [{"product_id": "P09", "price": 745}, {"product_id": "P08", "price": 1523}, {"product_id": "P10", "price": 1423}], "date_of_purchase": "2018-12-19 09:59:00"}
{"customer_id": "C131", "basket": [{"product_id": "P16", "price": 1492}, {"product_id": "P19", "price": 831}], "date_of_purchase": "2018-12-19 16:23:00"}
{"customer_id": "C133", "basket": [{"product_id": "P61", "price": 926}, {"product_id": "P61", "price": 73}], "date_of_purchase": "2018-12-19 10:42:00"}
