{"customer_id": "C3", "basket": [{"product_id": "P63", "price": 925}, {"product_id": "P64", "price": 1465}], "date_of_purchase": "2018-12-05 19:43:00"}
{"customer_id": "C7", "basket": [{"product_id": "P36", "price": 339}, {"product_id": "P38", "price": 795}], "date_of_purchase": "2018-12-05 23:26:00"}
{"customer_id": "C12", "basket": [{"product_id": "P54", "price": 437}], "date_of_purchase": "2018-12-05 09:17:00"}
{"customer_id": "C23", "basket": [{"product_id": "P46", "price": 1316}], "date_of_purchase": "2018-12-05 05:35:00"}
{"customer_id": "C27", "basket": [{"product_id": "P46", "price": 1141}, {"product_id": "P47", "price": 1641}, {"product_id": "P52", "price": 1349}], "date_of_purchase": "2018-12-05 11:18:00"}
{"customer_id": "C31", "basket": [{"product_id": "P22", "price": 1242}], "date_of_purchase": "2018-12-05 07:34:00"}
{"customer_id": "C36", "basket": [{"product_id": "P39", "price": 1204}, {"product_id": "P37", "price": 338}, {"product_id": "P36", "price": 1908}], "date_of_purchase": "2018-12-05 03:44:00"}
{"customer_id": "C41", "basket": [{"product_id": "P38", "price": 1547}], "date_of_purchase": "2018-12-05 23:30:00"}
{"customer_id": "C52", "basket": [{"product_id": "P37", "price": 1169}, {"product_id": "P35", "price": 385}, {"product_id": "P36", "price": 1100}], "date_of_purchase": "2018-12-05 15:13:00"}
{"customer_id": "C57", "basket": [{"product_id": "P11", "price": 1950}], "date_of_purchase": "2018-12-05 06:50:00"}
{"customer_id": "C60", "basket": [{"product_id": "P10", "price": 1112}], "date_of_purchase": "2018-12-05 08:52:00"}
{"customer_id": "C65", "basket": [{"product_id": "P15", "price": 431}], "date_of_purchase": "2018-12-05 19:58:00"}
{"customer_id": "C67", "basket": [{"product_id": "P39", "price": 276}, {"product_id": "P36", "price": 1813}, {"product_id": "P37", "price": 901}], "date_of_purchase": "2018-12-05 06:00:00"}
{"customer_id": "C68", "basket": [{"product_id": "P47", "price": 1855}, {"product_id": "P49", "price": 952}], "date_of_purchase": "2018-12-05 23:26:00"}
{"customer_id": "C71", "basket": [{"product_id": "P49", "price": 1924}, {"product_id": "P46", "price": 407}, {"product_id": "P45", "price": 1884}], "date_of_purchase": "2018-12-05 04:24:00"}
{"customer_id": "C77", "basket": [{"product_id": "P35", "price": 1979}, {"product_id": "P37", "price": 1974}, {"product_id": "P37", "price": 1727}], "date_of_purchase": "2018-12-05 14:03:00"}
{"customer_id": "C87", "basket": [{"product_id": "P20", "price": 290}], "date_of_purchase": "2018-12-05 11:35:00"}
{"customer_id": "C96", "basket": [{"product_id": "P04", "price": 1294}, {"product_id": "P10", "price": 1494}], "date_of_purchase": "2018-12-05 04:03:00"}
{"customer_id": "C102", "basket": [{"product_id": "P58", "price": 702}, {"product_id": "P55", "price": 1125}, {"product_id": "P43", "price": 727}], "date_of_purchase": "2018-12-05 03:04:00"}
{"customer_id": "C104", "basket": [{"product_id": "P64", "price": 245}], "date_of_purchase": "2018-12-05 19:54:00"}
{"customer_id": "C108", "basket": [{"product_id": "P50", "price": 785}], "date_of_purchase": "2018-12-05 19:21:00"}
{"customer_id": "C111", "basket": [{"product_id": "P26", "price": 1488}, {"product_id": "P23", "price": 1822}], "date_of_purchase": "2018-12-05 17:23:00"}
{"customer_id": "C112", "basket": [{"product_id": "P32", "price": 622}, {"product_id": "P22", "price": 92}, {"product_id": "P22", "price": 378}], "date_of_purchase": "2018-12-05 21:41:00"}
{"customer_id": "C114", "basket": [{"product_id": "P10", "price": 1654}, {"product_id": "P03", "price": 847}, {"product_id": "P01", "price": 1898}], "date_of_purchase": "2018-12-05 09:02:00"}
{"customer_id": "C118", "basket": [{"product_id": "P40", "price": 1387}, {"product_id": "P38", "price": 548}, {"product_id": "P39", "price": 185}], "date_of_purchase": "2018-12-05 16:36:00"}
{"customer_id": "C121", "basket": [{"product_id": "P35", "price": 308}, {"product_id": "P40", "price": 633}, {"product_id": "P39", "price": 1469}], "date_of_purchase": "2018-12-05 19:37:00"}
