{"customer_id": "C1", "basket": [{"product_id": "P06", "price": 1747}, {"product_id": "P03", "price": 556}], "date_of_purchase": "2019-01-22 14:47:00"}
{"customer_id": "C3", "basket": [{"product_id": "P37", "price": 2000}], "date_of_purchase": "2019-01-22 14:49:00"}
{"customer_id": "C9", "basket": [{"product_id": "P40", "price": 770}], "date_of_purchase": "2019-01-22 05:54:00"}
{"customer_id": "C12", "basket": [{"product_id": "P53", "price": 409}], "date_of_purchase": "2019-01-22 17:31:00"}
{"customer_id": "C18", "basket": [{"product_id": "P02", "price": 195}, {"product_id": "P05", "price": 1985}], "date_of_purchase": "2019-01-22 12:49:00"}
{"customer_id": "C19", "basket": [{"product_id": "P60", "price": 824}, {"product_id": "P44", "price": 1910}, {"product_id": "P52", "price": 731}], "date_of_purchase": "2019-01-22 12:48:00"}
{"customer_id": "C32", "basket": [{"product_id": "P40", "price": 1945}, {"product_id": "P40", "price": 492}, {"product_id": "P35", "price": 1084}], "date_of_purchase": "2019-01-22 14:10:00"}
{"customer_id": "C40", "basket": [{"product_id": "P12", "price": 1641}, {"product_id": "P08", "price": 154}, {"product_id": "P09", "price": 259}], "date_of_purchase": "2019-01-22 16:35:00"}
{"customer_id": "C65", "basket": [{"product_id": "P16", "price": 465}], "date_of_purchase": "2019-01-22 14:52:00"}
{"customer_id": "C77", "basket": [{"product_id": "P37", "price": 1202}, {"product_id": "P36", "price": 937}], "date_of_purchase": "2019-01-22 04:53:00"}
{"customer_id": "C97", "basket": [{"product_id": "P21", "price": 352}, {"product_id": "P21", "price": 430}, {"product_id": "P18", "price": 333}], "date_of_purchase": "2019-01-22 15:52:00"}
{"customer_id": "C99", "basket": [{"product_id": "P11", "price": 1295}, {"product_id": "P08", "price": 1599}], "date_of_purchase": "2019-01-22 16:12:00"}
{"customer_id": "C110", "basket": [{"product_id": "P52", "price": 1618}], "date_of_purchase": "2019-01-22 21:11:00"}
{"customer_id": "C111", "basket": [{"product_id": "P26", "price": 555}, {"product_id": "P26", "price": 919}], "date_of_purchase": "2019-01-22 10:54:00"}
{"customer_id": "C112", "basket": [{"product_id": "P24", "price": 1217}], "date_of_purchase": "2019-01-22 22:00:00"}
{"customer_id": "C118", "basket": [{"product_id": "P27", "price": 110}, {"product_id": "P23", "price": 1150}], "date_of_purchase": "2019-01-22 05:47:00"}
{"customer_id": "C119", "basket": [{"product_id": "P23", "price": 461}, {"product_id": "P28", "price": 1543}], "date_of_purchase": "2019-01-22 05:22:00"}
{"customer_id": "C123", "basket": [{"product_id": "P01", "price": 1841}], "date_of_purchase": "2019-01-22 13:46:00"}
{"customer_id": "C131", "basket": [{"product_id": "P23", "price": 97}], "date_of_purchase": "2019-01-22 17:39:00"}
