{"customer_id": "C4", "basket": [{"product_id": "P40", "price": 965}, {"product_id": "P38", "price": 288}, {"product_id": "P37", "price": 303}], "date_of_purchase": "2019-02-08 04:57:00"}
{"customer_id": "C5", "basket": [{"product_id": "P60", "price": 1578}, {"product_id": "P60", "price": 375}, {"product_id": "P56", "price": 784}], "date_of_purchase": "2019-02-08 13:00:00"}
{"customer_id": "C13", "basket": [{"product_id": "P11", "price": 522}], "date_of_purchase": "2019-02-08 11:13:00"}
{"customer_id": "C14", "basket": [{"product_id": "P49", "price": 1777}], "date_of_purchase": "2019-02-08 18:44:00"}
{"customer_id": "C18", "basket": [{"product_id": "P10", "price": 1244}, {"product_id": "P04", "price": 445}], "date_of_purchase": "2019-02-08 13:37:00"}
{"customer_id": "C21", "basket": [{"product_id": "P04", "price": 1957}, {"product_id": "P10", "price": 213}], "date_of_purchase": "2019-02-08 05:25:00"}
{"customer_id": "C27", "basket": [{"product_id": "P53", "price": 959}, {"product_id": "P60", "price": 420}], "date_of_purchase": "2019-02-08 23:55:00"}
{"customer_id": "C30", "basket": [{"product_id": "P47", "price": 904}, {"product_id": "P44", "price": 1809}], "date_of_purchase": "2019-02-08 20:41:00"}
{"customer_id": "C35", "basket": [{"product_id": "P35", "price": 682}], "date_of_purchase": "2019-02-08 13:23:00"}
{"customer_id": "C38", "basket": [{"product_id": "P56", "price": 1244}, {"product_id": "P44", "price": 451}], "date_of_purchase": "2019-02-08 06:15:00"}
{"customer_id": "C52", "basket": [{"product_id": "P39", "price": 1753}], "date_of_purchase": "2019-02-08 13:57:00"}
{"customer_id": "C53", "basket": [{"product_id": "P34", "price": 505}], "date_of_purchase": "2019-02-08 12:15:00"}
{"customer_id": "C56", "basket": [{"product_id": "P20", "price": 1301}], "date_of_purchase": "2019-02-08 21:05:00"}
{"customer_id": "C60", "basket": [{"product_id": "P62", "price": 1995}, {"product_id": "P63", "price": 1665}, {"product_id": "P63", "price": 1734}], "date_of_purchase": "2019-02-08 04:32:00"}
{"customer_id": "C62", "basket": [{"product_id": "P29", "price": 1557}], "date_of_purchase": "2019-02-08 18:46:00"}
{"customer_id": "C64", "basket": [{"product_id": "P24", "price": 1586}, {"product_id": "P24", "price": 504}, {"product_id": "P34", "price": 616}], "date_of_purchase": "2019-02-08 19:52:00"}
{"customer_id": "C70", "basket": [{"product_id": "P36", "price": 1768}], "date_of_purchase": "2019-02-08 22:40:00"}
{"customer_id": "C75", "basket": [{"product_id": "P44", "price": 1312}, {"product_id": "P56", "price": 1993}], "date_of_purchase": "2019-02-08 17:32:00"}
{"customer_id": "C90", "basket": [{"product_id": "P10", "price": 601}], "date_of_purchase": "2019-02-08 17:51:00"}
{"customer_id": "C91", "basket": [{"product_id": "P43", "price": 382}], "date_of_purchase": "2019-02-08 20:45:00"}
{"customer_id": "C94", "basket": [{"product_id": "P63", "price": 654}, {"product_id": "P62", "price": 995}], "date_of_purchase": "2019-02-08 20:42:00"}
{"customer_id": "C106", "basket": [{"product_id": "P50", "price": 1727}, {"product_id": "P58", "price": 300}], "date_of_purchase": "2019-02-08 23:44:00"}
{"customer_id": "C107", "basket": [{"product_id": "P37", "price": 1148}], "date_of_purchase": "2019-02-08 06:15:00"}
{"customer_id": "C108", "basket": [{"product_id": "P42", "price": 795}], "date_of_purchase": "2019-02-08 08:04:00"}
{"customer_id": "C118", "basket": [{"product_id": "P22", "price": 1104}, {"product_id": "P25", "price": 779}], "date_of_purchase": "2019-02-08 23:39:00"}
{"customer_id": "C123", "basket": [{"product_id": "P07", "price": 1430}], "date_of_purchase": "2019-02-08 02:54:00"}
{"customer_id": "C126", "basket": [{"product_id": "P56", "price": 1405}, {"product_id": "P56", "price": 842}, {"product_id": "P54", "price": 333}], "date_of_purchase": "2019-02-08 18:55:00"}
{"customer_id": "C131", "basket": [{"product_id": "P22", "price": 672}, {"product_id": "P25", "price": 35}], "date_of_purchase": "2019-02-08 20:39:00"}
