{"customer_id": "C4", "basket": [{"product_id": "P46", "price": 1918}], "date_of_purchase": "2019-01-10 08:55:00"}
{"customer_id": "C11", "basket": [{"product_id": "P39", "price": 1722}, {"product_id": "P39", "price": 1185}, {"product_id": "P40", "price": 262}], "date_of_purchase": "2019-01-10 21:31:00"}
{"customer_id": "C17", "basket": [{"product_id": "P01", "price": 1831}], "date_of_purchase": "2019-01-10 19:26:00"}
{"customer_id": "C18", "basket": [{"product_id": "P09", "price": 674}], "date_of_purchase": "2019-01-10 05:08:00"}
{"customer_id": "C21", "basket": [{"product_id": "P03", "price": 1085}], "date_of_purchase": "2019-01-10 06:23:00"}
{"customer_id": "C25", "basket": [{"product_id": "P03", "price": 753}, {"product_id": "P09", "price": 1594}, {"product_id": "P12", "price": 652}], "date_of_purchase": "2019-01-10 10:33:00"}
{"customer_id": "C26", "basket": [{"product_id": "P56", "price": 103}, {"product_id": "P48", "price": 1957}, {"product_id": "P51", "price": 1146}], "date_of_purchase": "2019-01-10 17:39:00"}
{"customer_id": "C32", "basket": [{"product_id": "P52", "price": 1691}], "date_of_purchase": "2019-01-10 22:11:00"}
{"customer_id": "C33", "basket": [{"product_id": "P37", "price": 1606}, {"product_id": "P36", "price": 384}, {"product_id": "P35", "price": 863}], "date_of_purchase": "2019-01-10 07:57:00"}
{"customer_id": "C36", "basket": [{"product_id": "P23", "price": 592}], "date_of_purchase": "2019-01-10 03:30:00"}
{"customer_id": "C37", "basket": [{"product_id": "P59", "price": 281}, {"product_id": "P45", "price": 1049}, {"product_id": "P52", "price": 1680}], "date_of_purchase": "2019-01-10 07:22:00"}
{"customer_id": "C44", "basket": [{"product_id": "P37", "price": 2}], "date_of_purchase": "2019-01-10 17:26:00"}
{"customer_id": "C48", "basket": [{"product_id": "P31", "price": 234}, {"product_id": "P29", "price": 886}], "date_of_purchase": "2019-01-10 18:37:00"}
{"customer_id": "C53", "basket": [{"product_id": "P37", "price": 1309}], "date_of_purchase": "2019-01-10 06:35:00"}
{"customer_id": "C57", "basket": [{"product_id": "P09", "price": 1525}, {"product_id": "P10", "price": 1329}], "date_of_purchase": "2019-01-10 03:48:00"}
{"customer_id": "C60", "basket": [{"product_id": "P64", "price": 41}, {"product_id": "P63", "price": 1023}, {"product_id": "P61", "price": 470}], "date_of_purchase": "2019-01-10 06:41:00"}
{"customer_id": "C61", "basket": [{"product_id": "P24", "price": 1005}, {"product_id": "P28", "price": 1908}, {"product_id": "P24", "price": 1015}], "date_of_purchase": "2019-01-10 09:15:00"}
{"customer_id": "C64", "basket": [{"product_id": "P05", "price": 818}, {"product_id": "P04", "price": 127}, {"product_id": "P12", "price": 1378}], "date_of_purchase": "2019-01-10 08:35:00"}
{"customer_id": "C69", "basket": [{"product_id": "P40", "price": 219}, {"product_id": "P40", "price": 1487}], "date_of_purchase": "2019-01-10 09:22:00"}
{"customer_id": "C75", "basket": [{"product_id": "P61", "price": 1635}, {"product_id": "P63", "price": 1085}, {"product_id": "P62", "price": 1777}], "date_of_purchase": "2019-01-10 14:03:00"}
{"customer_id": "C81", "basket": [{"product_id": "P15", "price": 1905}, {"product_id": "P15", "price": 660}], "date_of_purchase": "2019-01-10 12:55:00"}
{"customer_id": "C82", "basket": [{"product_id": "P35", "price": 1947}], "date_of_purchase": "2019-01-10 19:25:00"}
{"customer_id": "C87", "basket": [{"product_id": "P27", "price": 819}, {"product_id": "P33", "price": 346}], "date_of_purchase": "2019-01-10 04:22:00"}
{"customer_id": "C91", "basket": [{"product_id": "P35", "price": 1796}, {"product_id": "P39", "price": 362}, {"product_id": "P38", "price": 735}], "date_of_purchase": "2019-01-10 06:23:00"}
{"customer_id": "C93", "basket": [{"product_id": "P30", "price": 981}, {"product_id": "P22", "price": 1436}], "date_of_purchase": "2019-01-10 11:03:00"}
{"customer_id": "C103", "basket": [{"product_id": "P38", "price": 668}, {"product_id": "P40", "price": 14}], "date_of_purchase": "2019-01-10 11:04:00"}
{"customer_id": "C113", "basket": [{"product_id": "P53", "price": 1180}], "date_of_purchase": "2019-01-10 22:56:00"}
{"customer_id": "C117", "basket": [{"product_id": "P24", "price": 292}, {"product_id": "P34", "price": 365}], "date_of_purchase": "2019-01-10 08:58:00"}
{"customer_id": "C118", "basket": [{"product_id": "P39", "price": 416}, {"product_id": "P40", "price": 611}, {"product_id": "P36", "price": 645}], "date_of_purchase": "2019-01-10 07:53:00"}
{"customer_id": "C119", "basket": [{"product_id": "P08", "price": 298}, {"product_id": "P01", "price": 1485}, {"product_id": "P02", "price": 1007}], "date_of_purchase": "2019-01-10 06:01:00"}
{"customer_id": "C123", "basket": [{"product_id": "P03", "price": 1252}], "date_of_purchase": "2019-01-10 19:39:00"}
{"customer_id": "C124", "basket": [{"product_id": "P03", "price": 1722}], "date_of_purchase": "2019-01-10 21:56:00"}
{"customer_id": "C131", "basket": [{"product_id": "P34", "price": 366}, {"product_id": "P24", "price": 1652}], "date_of_purchase": "2019-01-10 13:30:00"}
{"customer_id": "C133", "basket": [{"product_id": "P50", "price": 438}, {"product_id": "P54", "price": 177}, {"product_id": "P41", "price": 690}], "date_of_purchase": "2019-01-10 16:30:00"}
