{"customer_id": "C6", "basket": [{"product_id": "P17", "price": 995}, {"product_id": "P15", "price": 232}], "date_of_purchase": "2018-12-14 05:58:00"}
{"customer_id": "C8", "basket": [{"product_id": "P25", "price": 780}, {"product_id": "P30", "price": 845}], "date_of_purchase": "2018-12-14 08:54:00"}
{"customer_id": "C13", "basket": [{"product_id": "P62", "price": 1835}, {"product_id": "P64", "price": 222}, {"product_id": "P62", "price": 1481}], "date_of_purchase": "2018-12-14 12:15:00"}
{"customer_id": "C20", "basket": [{"product_id": "P61", "price": 513}, {"product_id": "P62", "price": 1825}], "date_of_purchase": "2018-12-14 17:34:00"}
{"customer_id": "C21", "basket": [{"product_id": "P03", "price": 1682}], "date_of_purchase": "2018-12-14 13:18:00"}
{"customer_id": "C25", "basket": [{"product_id": "P09", "price": 777}, {"product_id": "P06", "price": 1067}, {"product_id": "P06", "price": 1138}], "date_of_purchase": "2018-12-14 06:43:00"}
{"customer_id": "C26", "basket": [{"product_id": "P59", "price": 216}, {"product_id": "P41", "price": 827}, {"product_id": "P41", "price": 989}], "date_of_purchase": "2018-12-14 15:14:00"}
{"customer_id": "C27", "basket": [{"product_id": "P13", "price": 804}, {"product_id": "P16", "price": 1595}], "date_of_purchase": "2018-12-14 03:06:00"}
{"customer_id": "C34", "basket": [{"product_id": "P56", "price": 1060}, {"product_id": "P56", "price": 697}], "date_of_purchase": "2018-12-14 12:32:00"}
{"customer_id": "C35", "basket": [{"product_id": "P56", "price": 1097}, {"product_id": "P52", "price": 1263}, {"product_id": "P57", "price": 1931}], "date_of_purchase": "2018-12-14 16:36:00"}
{"customer_id": "C42", "basket": [{"product_id": "P32", "price": 111}, {"product_id": "P29", "price": 678}, {"product_id": "P25", "price": 1273}], "date_of_purchase": "2018-12-14 15:05:00"}
{"customer_id": "C43", "basket": [{"product_id": "P09", "price": 1319}], "date_of_purchase": "2018-12-14 12:33:00"}
{"customer_id": "C47", "basket": [{"product_id": "P53", "price": 92}], "date_of_purchase": "2018-12-14 19:02:00"}
{"customer_id": "C51", "basket": [{"product_id": "P64", "price": 1535}, {"product_id": "P64", "price": 1553}], "date_of_purchase": "2018-12-14 12:09:00"}
{"customer_id": "C53", "basket": [{"product_id": "P63", "price": 1628}, {"product_id": "P61", "price": 1507}], "date_of_purchase": "2018-12-14 19:18:00"}
{"customer_id": "C59", "basket": [{"product_id": "P42", "price": 451}, {"product_id": "P47", "price": 1569}], "date_of_purchase": "2018-12-14 08:07:00"}
{"customer_id": "C60", "basket": [{"product_id": "P64", "price": 112}], "date_of_purchase": "2018-12-14 12:54:00"}
{"customer_id": "C62", "basket": [{"product_id": "P64", "price": 315}, {"product_id": "P61", "price": 382}, {"product_id": "P61", "price": 1894}], "date_of_purchase": "2018-12-14 21:06:00"}
{"customer_id": "C70", "basket": [{"product_id": "P35", "price": 1171}, {"product_id": "P35", "price": 182}, {"product_id": "P39", "price": 10}], "date_of_purchase": "2018-12-14 06:02:00"}
{"customer_id": "C71", "basket": [{"product_id": "P47", "price": 133}], "date_of_purchase": "2018-12-14 14:17:00"}
{"customer_id": "C79", "basket": [{"product_id": "P24", "price": 25}, {"product_id": "P30", "price": 720}], "date_of_purchase": "2018-12-14 18:05:00"}
{"customer_id": "C86", "basket": [{"product_id": "P51", "price": 489}], "date_of_purchase": "2018-12-14 18:16:00"}
{"customer_id": "C93", "basket": [{"product_id": "P23", "price": 1897}, {"product_id": "P25", "price": 1225}], "date_of_purchase": "2018-12-14 14:42:00"}
{"customer_id": "C101", "basket": [{"product_id": "P64", "price": 756}, {"product_id": "P61", "price": 1973}, {"product_id": "P63", "price": 1643}], "date_of_purchase": "2018-12-14 03:19:00"}
{"customer_id": "C104", "basket": [{"product_id": "P63", "price": 1235}], "date_of_purchase": "2018-12-14 02:56:00"}
{"customer_id": "C124", "basket": [{"product_id": "P56", "price": 1389}], "date_of_purchase": "2018-12-14 23:31:00"}
{"customer_id": "C133", "basket": [{"product_id": "P24", "price": 348}, {"product_id": "P34", "price": 385}], "date_of_purchase": "2018-12-14 11:39:00"}
{"customer_id": "C136", "basket": [{"product_id": "P29", "price": 1744}, {"product_id": "P25", "price": 1497}, {"product_id": "P29", "price": 221}], "date_of_purchase": "2018-12-14 04:30:00"}
