{"customer_id": "C5", "basket": [{"product_id": "P50", "price": 1552}, {"product_id": "P55", "price": 684}], "date_of_purchase": "2019-02-26 15:38:00"}
{"customer_id": "C7", "basket": [{"product_id": "P39", "price": 1567}, {"product_id": "P40", "price": 1664}, {"product_id": "P36", "price": 1473}], "date_of_purchase": "2019-02-26 19:09:00"}
{"customer_id": "C9", "basket": [{"product_id": "P39", "price": 578}], "date_of_purchase": "2019-02-26 21:05:00"}
{"customer_id": "C13", "basket": [{"product_id": "P60", "price": 1155}, {"product_id": "P53", "price": 304}], "date_of_purchase": "2019-02-26 11:16:00"}
{"customer_id": "C14", "basket": [{"product_id": "P54", "price": 747}, {"product_id": "P56", "price": 1663}, {"product_id": "P59", "price": 995}], "date_of_purchase": "2019-02-26 07:10:00"}
{"customer_id": "C20", "basket": [{"product_id": "P15", "price": 732}, {"product_id": "P20", "price": 589}, {"product_id": "P13", "price": 1549}], "date_of_purchase": "2019-02-26 21:26:00"}
{"customer_id": "C23", "basket": [{"product_id": "P42", "price": 1886}, {"product_id": "P59", "price": 1735}], "date_of_purchase": "2019-02-26 14:13:00"}
{"customer_id": "C26", "basket": [{"product_id": "P48", "price": 356}, {"product_id": "P55", "price": 1331}, {"product_id": "P56", "price": 1988}], "date_of_purchase": "2019-02-26 13:41:00"}
{"customer_id": "C29", "basket": [{"product_id": "P57", "price": 769}], "date_of_purchase": "2019-02-26 08:04:00"}
{"customer_id": "C31", "basket": [{"product_id": "P29", "price": 446}], "date_of_purchase": "2019-02-26 18:04:00"}
{"customer_id": "C32", "basket": [{"product_id": "P62", "price": 829}], "date_of_purchase": "2019-02-26 20:02:00"}
{"customer_id": "C38", "basket": [{"product_id": "P49", "price": 179}, {"product_id": "P51", "price": 1467}], "date_of_purchase": "2019-02-26 22:15:00"}
{"customer_id": "C42", "basket": [{"product_id": "P47", "price": 979}, {"product_id": "P56", "price": 531}], "date_of_purchase": "2019-02-26 04:07:00"}
{"customer_id": "C49", "basket": [{"product_id": "P41", "price": 487}], "date_of_purchase": "2019-02-26 08:46:00"}
{"customer_id": "C50", "basket": [{"product_id": "P07", "price": 882}, {"product_id": "P11", "price": 454}, {"product_id": "P12", "price": 1027}], "date_of_purchase": "2019-02-26 17:11:00"}
{"customer_id": "C59", "basket": [{"product_id": "P49", "price": 1163}, {"product_id": "P43", "price": 671}, {"product_id": "P46", "price": 1775}], "date_of_purchase": "2019-02-26 08:57:00"}
{"customer_id": "C63", "basket": [{"product_id": "P09", "price": 1093}], "date_of_purchase": "2019-02-26 18:11:00"}
{"customer_id": "C67", "basket": [{"product_id": "P35", "price": 174}, {"product_id": "P40", "price": 881}, {"product_id": "P35", "price": 1446}], "date_of_purchase": "2019-02-26 04:19:00"}
{"customer_id": "C68", "basket": [{"product_id": "P55", "price": 462}, {"product_id": "P59", "price": 382}], "date_of_purchase": "2019-02-26 12:33:00"}
{"customer_id": "C79", "basket": [{"product_id": "P30", "price": 1780}, {"product_id": "P27", "price": 906}], "date_of_purchase": "2019-02-26 03:57:00"}
{"customer_id": "C82", "basket": [{"product_id": "P59", "price": 1876}, {"product_id": "P46", "price": 310}, {"product_id": "P45", "price": 362}], "date_of_purchase": "2019-02-26 16:09:00"}
{"customer_id": "C86", "basket": [{"product_id": "P62", "price": 1823}, {"product_id": "P61", "price": 225}, {"product_id": "P61", "price": 94}], "date_of_purchase": "2019-02-26 20:32:00"}
{"customer_id": "C88", "basket": [{"product_id": "P35", "price": 1400}], "date_of_purchase": "2019-02-26 04:36:00"}
{"customer_id": "C95", "basket": [{"product_id": "P28", "price": 1661}], "date_of_purchase": "2019-02-26 23:56:00"}
{"customer_id": "C102", "basket": [{"product_id": "P35", "price": 99}, {"product_id": "P35", "price": 647}], "date_of_purchase": "2019-02-26 15:20:00"}
{"customer_id": "C103", "basket": [{"product_id": "P52", "price": 958}, {"product_id": "P42", "price": 81}], "date_of_purchase": "2019-02-26 17:08:00"}
{"customer_id": "C109", "basket": [{"product_id": "P61", "price": 1355}, {"product_id": "P62", "price": 427}, {"product_id": "P62", "price": 1579}], "date_of_purchase": "2019-02-26 12:50:00"}
{"customer_id": "C110", "basket": [{"product_id": "P57", "price": 323}], "date_of_purchase": "2019-02-26 14:26:00"}
{"customer_id": "C111", "basket": [{"product_id": "P24", "price": 1961}, {"product_id": "P27", "price": 1467}], "date_of_purchase": "2019-02-26 21:43:00"}
{"customer_id": "C113", "basket": [{"product_id": "P40", "price": 1845}], "date_of_purchase": "2019-02-26 05:02:00"}
{"customer_id": "C125", "basket": [{"product_id": "P63", "price": 1268}, {"product_id": "P64", "price": 1272}, {"product_id": "P63", "price": 1452}], "date_of_purchase": "2019-02-26 16:26:00"}
{"customer_id": "C131", "basket": [{"product_id": "P22", "price": 1724}], "date_of_purchase": "2019-02-26 11:13:00"}
{"customer_id": "C136", "basket": [{"product_id": "P12", "price": 1657}, {"product_id": "P04", "price": 487}], "date_of_purchase": "2019-02-26 20:53:00"}
