{"customer_id": "C3", "basket": [{"product_id": "P36", "price": 104}], "date_of_purchase": "2019-01-05 23:08:00"}
{"customer_id": "C4", "basket": [{"product_id": "P20", "price": 1551}], "date_of_purchase": "2019-01-05 16:23:00"}
{"customer_id": "C5", "basket": [{"product_id": "P35", "price": 1869}, {"product_id": "P37", "price": 1997}, {"product_id": "P36", "price": 1755}], "date_of_purchase": "2019-01-05 12:30:00"}
{"customer_id": "C7", "basket": [{"product_id": "P39", "price": 274}], "date_of_purchase": "2019-01-05 18:51:00"}
{"customer_id": "C8", "basket": [{"product_id": "P28", "price": 41}, {"product_id": "P29", "price": 700}], "date_of_purchase": "2019-01-05 05:29:00"}
{"customer_id": "C12", "basket": [{"product_id": "P43", "price": 1105}, {"product_id": "P43", "price": 1011}, {"product_id": "P53", "price": 1378}], "date_of_purchase": "2019-01-05 09:54:00"}
{"customer_id": "C17", "basket": [{"product_id": "P08", "price": 158}, {"product_id": "P03", "price": 1636}, {"product_id": "P01", "price": 547}], "date_of_purchase": "2019-01-05 02:50:00"}
{"customer_id": "C23", "basket": [{"product_id": "P58", "price": 1224}], "date_of_purchase": "2019-01-05 08:34:00"}
{"customer_id": "C29", "basket": [{"product_id": "P50", "price": 446}], "date_of_purchase": "2019-01-05 17:57:00"}
{"customer_id": "C31", "basket": [{"product_id": "P37", "price": 90}, {"product_id": "P37", "price": 340}], "date_of_purchase": "2019-01-05 13:51:00"}
{"customer_id": "C38", "basket": [{"product_id": "P56", "price": 1276}, {"product_id": "P52", "price": 1622}, {"product_id": "P48", "price": 756}], "date_of_purchase": "2019-01-05 22:06:00"}
{"customer_id": "C42", "basket": [{"product_id": "P38", "price": 516}], "date_of_purchase": "2019-01-05 03:57:00"}
{"customer_id": "C60", "basket": [{"product_id": "P64", "price": 935}], "date_of_purchase": "2019-01-05 15:32:00"}
{"customer_id": "C63", "basket": [{"product_id": "P40", "price": 543}, {"product_id": "P40", "price": 1913}], "date_of_purchase": "2019-01-05 22:27:00"}
{"customer_id": "C71", "basket": [{"product_id": "P48", "price": 1286}, {"product_id": "P57", "price": 978}, {"product_id": "P58", "price": 517}], "date_of_purchase": "2019-01-05 21:04:00"}
{"customer_id": "C77", "basket": [{"product_id": "P36", "price": 1466}, {"product_id": "P40", "price": 51}], "date_of_purchase": "2019-01-05 18:07:00"}
{"customer_id": "C82", "basket": [{"product_id": "P02", "price": 1466}], "date_of_purchase": "2019-01-05 20:09:00"}
{"customer_id": "C93", "basket": [{"product_id": "P25", "price": 1881}, {"product_id": "P24", "price": 813}], "date_of_purchase": "2019-01-05 10:29:00"}
{"customer_id": "C95", "basket": [{"product_id": "P30", "price": 312}, {"product_id": "P24", "price": 106}], "date_of_purchase": "2019-01-05 23:50:00"}
{"customer_id": "C105", "basket": [{"product_id": "P61", "price": 1875}, {"product_id": "P64", "price": 1683}, {"product_id": "P62", "price": 320}], "date_of_purchase": "2019-01-05 18:12:00"}
{"customer_id": "C108", "basket": [{"product_id": "P57", "price": 238}, {"product_id": "P47", "price": 314}], "date_of_purchase": "2019-01-05 18:03:00"}
{"customer_id": "C110", "basket": [{"product_id": "P51", "price": 558}, {"product_id": "P56", "price": 1578}], "date_of_purchase": "2019-01-05 10:33:00"}
{"customer_id": "C115", "basket": [{"product_id": "P40", "price": 1278}], "date_of_purchase": "2019-01-05 03:17:00"}
{"customer_id": "C129", "basket": [{"product_id": "P63", "price": 1939}, {"product_id": "P61", "price": 72}], "date_of_purchase": "2019-01-05 11:23:00"}
{"customer_id": "C132", "basket": [{"product_id": "P25", "price": 1364}, {"product_id": "P32", "price": 109}, {"product_id": "P28", "price": 538}], "date_of_purchase": "2019-01-05 10:26:00"}
{"customer_id": "C133", "basket": [{"product_id": "P56", "price": 1913}, {"product_id": "P42", "price": 1236}, {"product_id": "P56", "price": 640}], "date_of_purchase": "2019-01-05 11:21:00"}
