{"customer_id": "C1", "basket": [{"product_id": "P51", "price": 422}, {"product_id": "P52", "price": 1893}, {"product_id": "P50", "price": 1639}], "date_of_purchase": "2019-01-20 17:31:00"}
{"customer_id": "C4", "basket": [{"product_id": "P36", "price": 965}], "date_of_purchase": "2019-01-20 18:13:00"}
{"customer_id": "C10", "basket": [{"product_id": "P37", "price": 273}], "date_of_purchase": "2019-01-20 11:46:00"}
{"customer_id": "C11", "basket": [{"product_id": "P28", "price": 713}], "date_of_purchase": "2019-01-20 06:19:00"}
{"customer_id": "C22", "basket": [{"product_id": "P64", "price": 206}, {"product_id": "P61", "price": 1839}, {"product_id": "P64", "price": 203}], "date_of_purchase": "2019-01-20 20:41:00"}
{"customer_id": "C29", "basket": [{"product_id": "P49", "price": 620}], "date_of_purchase": "2019-01-20 21:42:00"}
{"customer_id": "C33", "basket": [{"product_id": "P57", "price": 1518}, {"product_id": "P45", "price": 219}], "date_of_purchase": "2019-01-20 21:45:00"}
{"customer_id": "C53", "basket": [{"product_id": "P51", "price": 1027}], "date_of_purchase": "2019-01-20 05:15:00"}
{"customer_id": "C56", "basket": [{"product_id": "P11", "price": 962}, {"product_id": "P10", "price": 1755}, {"product_id": "P10", "price": 1395}], "date_of_purchase": "2019-01-20 10:49:00"}
{"customer_id": "C66", "basket": [{"product_id": "P27", "price": 1886}, {"product_id": "P31", "price": 630}, {"product_id": "P22", "price": 1757}], "date_of_purchase": "2019-01-20 22:59:00"}
{"customer_id": "C68", "basket": [{"product_id": "P47", "price": 577}], "date_of_purchase": "2019-01-20 10:58:00"}
{"customer_id": "C69", "basket": [{"product_id": "P37", "price": 1268}, {"product_id": "P35", "price": 125}, {"product_id": "P35", "price": 1091}], "date_of_purchase": "2019-01-20 10:40:00"}
{"customer_id": "C71", "basket": [{"product_id": "P02", "price": 768}], "date_of_purchase": "2019-01-20 23:59:00"}
{"customer_id": "C72", "basket": [{"product_id": "P55", "price": 1830}], "date_of_purchase": "2019-01-20 22:40:00"}
{"customer_id": "C79", "basket": [{"product_id": "P34", "price": 1390}, {"product_id": "P30", "price": 46}, {"product_id": "P27", "price": 1679}], "date_of_purchase": "2019-01-20 23:18:00"}
{"customer_id": "C90", "basket": [{"product_id": "P40", "price": 553}], "date_of_purchase": "2019-01-20 14:35:00"}
{"customer_id": "C93", "basket": [{"product_id": "P32", "price": 150}, {"product_id": "P25", "price": 978}], "date_of_purchase": "2019-01-20 03:11:00"}
{"customer_id": "C102", "basket": [{"product_id": "P35", "price": 1940}, {"product_id": "P37", "price": 1397}, {"product_id": "P40", "price": 989}], "date_of_purchase": "2019-01-20 15:12:00"}
{"customer_id": "C105", "basket": [{"product_id": "P24", "price": 1983}, {"product_id": "P30", "price": 1326}], "date_of_purchase": "2019-01-20 15:12:00"}
{"customer_id": "C122", "basket": [{"product_id": "P22", "price": 986}], "date_of_purchase": "2019-01-20 17:26:00"}
{"customer_id": "C130", "basket": [{"product_id": "P56", "price": 1190}], "date_of_purchase": "2019-01-20 12:17:00"}
