{"customer_id": "C2", "basket": [{"product_id": "P41", "price": 1052}], "date_of_purchase": "2018-12-21 18:36:00"}
{"customer_id": "C3", "basket": [{"product_id": "P63", "price": 1597}, {"product_id": "P64", "price": 1707}, {"product_id": "P61", "price": 245}], "date_of_purchase": "2018-12-21 17:27:00"}
{"customer_id": "C7", "basket": [{"product_id": "P37", "price": 549}, {"product_id": "P39", "price": 411}], "date_of_purchase": "2018-12-21 05:35:00"}
{"customer_id": "C9", "basket": [{"product_id": "P36", "price": 643}, {"product_id": "P39", "price": 891}], "date_of_purchase": "2018-12-21 03:40:00"}
{"customer_id": "C14", "basket": [{"product_id": "P20", "price": 1473}, {"product_id": "P17", "price": 1427}, {"product_id": "P18", "price": 1752}], "date_of_purchase": "2018-12-21 07:54:00"}
{"customer_id": "C15", "basket": [{"product_id": "P29", "price": 1389}, {"product_id": "P27", "price": 1515}], "date_of_purchase": "2018-12-21 17:00:00"}
{"customer_id": "C19", "basket": [{"product_id": "P10", "price": 243}], "date_of_purchase": "2018-12-21 05:16:00"}
{"customer_id": "C29", "basket": [{"product_id": "P50", "price": 764}], "date_of_purchase": "2018-12-21 21:52:00"}
{"customer_id": "C34", "basket": [{"product_id": "P54", "price": 1927}], "date_of_purchase": "2018-12-21 04:50:00"}
{"customer_id": "C36", "basket": [{"product_id": "P41", "price": 135}, {"product_id": "P48", "price": 421}], "date_of_purchase": "2018-12-21 16:45:00"}
{"customer_id": "C37", "basket": [{"product_id": "P34", "price": 1314}, {"product_id": "P30", "price": 1166}], "date_of_purchase": "2018-12-21 13:11:00"}
{"customer_id": "C47", "basket": [{"product_id": "P56", "price": 150}], "date_of_purchase": "2018-12-21 14:11:00"}
{"customer_id": "C53", "basket": [{"product_id": "P30", "price": 882}, {"product_id": "P34", "price": 673}], "date_of_purchase": "2018-12-21 06:44:00"}
{"customer_id": "C55", "basket": [{"product_id": "P30", "price": 219}, {"product_id": "P23", "price": 475}], "date_of_purchase": "2018-12-21 13:42:00"}
{"customer_id": "C60", "basket": [{"product_id": "P26", "price": 591}, {"product_id": "P33", "price": 1137}], "date_of_purchase": "2018-12-21 20:32:00"}
{"customer_id": "C65", "basket": [{"product_id": "P14", "price": 1268}, {"product_id": "P13", "price": 451}], "date_of_purchase": "2018-12-21 22:34:00"}
{"customer_id": "C71", "basket": [{"product_id": "P55", "price": 1812}, {"product_id": "P59", "price": 1303}], "date_of_purchase": "2018-12-21 04:37:00"}
{"customer_id": "C76", "basket": [{"product_id": "P40", "price": 131}], "date_of_purchase": "2018-12-21 06:18:00"}
{"customer_id": "C86", "basket": [{"product_id": "P50", "price": 1025}, {"product_id": "P45", "price": 803}], "date_of_purchase": "2018-12-21 14:31:00"}
{"customer_id": "C92", "basket": [{"product_id": "P03", "price": 1583}, {"product_id": "P03", "price": 1162}], "date_of_purchase": "2018-12-21 06:42:00"}
{"customer_id": "C93", "basket": [{"product_id": "P31", "price": 217}, {"product_id": "P22", "price": 505}], "date_of_purchase": "2018-12-21 04:11:00"}
{"customer_id": "C104", "basket": [{"product_id": "P62", "price": 231}, {"product_id": "P62", "price": 1598}], "date_of_purchase": "2018-12-21 17:10:00"}
{"customer_id": "C108", "basket": [{"product_id": "P42", "price": 1672}], "date_of_purchase": "2018-12-21 20:36:00"}
{"customer_id": "C110", "basket": [{"product_id": "P46", "price": 909}, {"product_id": "P54", "price": 1126}], "date_of_purchase": "2018-12-21 12:32:00"}
{"customer_id": "C111", "basket": [{"product_id": "P28", "price": 1101}, {"product_id": "P24", "price": 1932}], "date_of_purchase": "2018-12-21 10:21:00"}
{"customer_id": "C117", "basket": [{"product_id": "P23", "price": 909}, {"product_id": "P31", "price": 1955}, {"product_id": "P29", "price": 786}], "date_of_purchase": "2018-12-21 04:42:00"}
{"customer_id": "C118", "basket": [{"product_id": "P13", "price": 1721}], "date_of_purchase": "2018-12-21 10:26:00"}
{"customer_id": "C122", "basket": [{"product_id": "P29", "price": 105}, {"product_id": "P22", "price": 1626}, {"product_id": "P32", "price": 263}], "date_of_purchase": "2018-12-21 13:56:00"}
{"customer_id": "C123", "basket": [{"product_id": "P07", "price": 1528}, {"product_id": "P11", "price": 674}, {"product_id": "P01", "price": 563}], "date_of_purchase": "2018-12-21 06:28:00"}
{"customer_id": "C124", "basket": [{"product_id": "P51", "price": 255}, {"product_id": "P51", "price": 115}, {"product_id": "P43", "price": 857}], "date_of_purchase": "2018-12-21 10:03:00"}
{"customer_id": "C126", "basket": [{"product_id": "P60", "price": 7}, {"product_id": "P48", "price": 3}], "date_of_purchase": "2018-12-21 20:41:00"}
{"customer_id": "C131", "basket": [{"product_id": "P25", "price": 783}, {"product_id": "P27", "price": 1398}], "date_of_purchase": "2018-12-21 23:54:00"}
{"customer_id": "C135", "basket": [{"product_id": "P29", "price": 1643}, {"product_id": "P27", "price": 1393}], "date_of_purchase": "2018-12-21 14:46:00"}
