{"customer_id": "C6", "basket": [{"product_id": "P12", "price": 841}, {"product_id": "P03", "price": 1452}, {"product_id": "P01", "price": 474}], "date_of_purchase": "2019-01-11 15:12:00"}
{"customer_id": "C28", "basket": [{"product_id": "P24", "price": 445}, {"product_id": "P29", "price": 407}, {"product_id": "P33", "price": 1378}], "date_of_purchase": "2019-01-11 03:17:00"}
{"customer_id": "C29", "basket": [{"product_id": "P59", "price": 1027}], "date_of_purchase": "2019-01-11 07:04:00"}
{"customer_id": "C40", "basket": [{"product_id": "P41", "price": 25}], "date_of_purchase": "2019-01-11 12:52:00"}
{"customer_id": "C43", "basket": [{"product_id": "P24", "price": 1077}, {"product_id": "P32", "price": 1687}, {"product_id": "P25", "price": 1558}], "date_of_purchase": "2019-01-11 03:43:00"}
{"customer_id": "C47", "basket": [{"product_id": "P43", "price": 1207}, {"product_id": "P42", "price": 674}, {"product_id": "P42", "price": 901}], "date_of_purchase": "2019-01-11 13:30:00"}
{"customer_id": "C53", "basket": [{"product_id": "P61", "price": 1393}, {"product_id": "P64", "price": 1568}], "date_of_purchase": "2019-01-11 16:22:00"}
{"customer_id": "C56", "basket": [{"product_id": "P17", "price": 1336}, {"product_id": "P19", "price": 1430}], "date_of_purchase": "2019-01-11 11:48:00"}
{"customer_id": "C61", "basket": [{"product_id": "P51", "price": 1635}, {"product_id": "P46", "price": 732}], "date_of_purchase": "2019-01-11 08:20:00"}
{"customer_id": "C65", "basket": [{"product_id": "P18", "price": 1415}], "date_of_purchase": "2019-01-11 05:51:00"}
{"customer_id": "C66", "basket": [{"product_id": "P62", "price": 1093}, {"product_id": "P61", "price": 1474}, {"product_id": "P63", "price": 1993}], "date_of_purchase": "2019-01-11 12:56:00"}
{"customer_id": "C67", "basket": [{"product_id": "P38", "price": 1846}], "date_of_purchase": "2019-01-11 09:12:00"}
{"customer_id": "C68", "basket": [{"product_id": "P50", "price": 473}], "date_of_purchase": "2019-01-11 17:26:00"}
{"customer_id": "C70", "basket": [{"product_id": "P06", "price": 1110}, {"product_id": "P02", "price": 845}, {"product_id": "P10", "price": 306}], "date_of_purchase": "2019-01-11 20:24:00"}
{"customer_id": "C71", "basket": [{"product_id": "P44", "price": 1980}], "date_of_purchase": "2019-01-11 21:32:00"}
{"customer_id": "C72", "basket": [{"product_id": "P11", "price": 1634}], "date_of_purchase": "2019-01-11 11:10:00"}
{"customer_id": "C82", "basket": [{"product_id": "P05", "price": 1360}, {"product_id": "P04", "price": 1543}], "date_of_purchase": "2019-01-11 05:28:00"}
{"customer_id": "C83", "basket": [{"product_id": "P42", "price": 1981}], "date_of_purchase": "2019-01-11 08:25:00"}
{"customer_id": "C84", "basket": [{"product_id": "P50", "price": 1156}, {"product_id": "P52", "price": 1054}], "date_of_purchase": "2019-01-11 15:56:00"}
{"customer_id": "C88", "basket": [{"product_id": "P30", "price": 1129}, {"product_id": "P22", "price": 781}], "date_of_purchase": "2019-01-11 13:26:00"}
{"customer_id": "C92", "basket": [{"product_id": "P58", "price": 312}], "date_of_purchase": "2019-01-11 09:53:00"}
{"customer_id": "C108", "basket": [{"product_id": "P61", "price": 1915}, {"product_id": "P62", "price": 433}, {"product_id": "P62", "price": 1587}], "date_of_purchase": "2019-01-11 08:08:00"}
{"customer_id": "C113", "basket": [{"product_id": "P40", "price": 264}, {"product_id": "P40", "price": 14}, {"product_id": "P36", "price": 1636}], "date_of_purchase": "2019-01-11 12:16:00"}
{"customer_id": "C118", "basket": [{"product_id": "P29", "price": 650}, {"product_id": "P22", "price": 641}], "date_of_purchase": "2019-01-11 15:22:00"}
