{"customer_id": "C2", "basket": [{"product_id": "P01", "price": 899}, {"product_id": "P05", "price": 1672}], "date_of_purchase": "2019-02-09 06:23:00"}
{"customer_id": "C8", "basket": [{"product_id": "P37", "price": 1497}, {"product_id": "P35", "price": 1026}, {"product_id": "P36", "price": 1638}], "date_of_purchase": "2019-02-09 20:12:00"}
{"customer_id": "C11", "basket": [{"product_id": "P39", "price": 1342}, {"product_id": "P39", "price": 1232}], "date_of_purchase": "2019-02-09 07:12:00"}
{"customer_id": "C23", "basket": [{"product_id": "P49", "price": 1775}, {"product_id": "P42", "price": 1498}, {"product_id": "P45", "price": 513}], "date_of_purchase": "2019-02-09 12:53:00"}
{"customer_id": "C42", "basket": [{"product_id": "P45", "price": 897}, {"product_id": "P53", "price": 811}, {"product_id": "P60", "price": 644}], "date_of_purchase": "2019-02-09 14:26:00"}
{"customer_id": "C43", "basket": [{"product_id": "P25", "price": 589}, {"product_id": "P27", "price": 439}, {"product_id": "P33", "price": 653}], "date_of_purchase": "2019-02-09 13:08:00"}
{"customer_id": "C53", "basket": [{"product_id": "P43", "price": 1557}, {"product_id": "P49", "price": 1855}, {"product_id": "P49", "price": 227}], "date_of_purchase": "2019-02-09 12:28:00"}
{"customer_id": "C60", "basket": [{"product_id": "P10", "price": 865}], "date_of_purchase": "2019-02-09 04:40:00"}
{"customer_id": "C68", "basket": [{"product_id": "P59", "price": 254}, {"product_id": "P42", "price": 26}], "date_of_purchase": "2019-02-09 22:42:00"}
{"customer_id": "C77", "basket": [{"product_id": "P45", "price": 1751}], "date_of_purchase": "2019-02-09 14:17:00"}
{"customer_id": "C81", "basket": [{"product_id": "P20", "price": 1329}, {"product_id": "P13", "price": 128}], "date_of_purchase": "2019-02-09 10:01:00"}
{"customer_id": "C82", "basket": [{"product_id": "P29", "price": 416}, {"product_id": "P29", "price": 1367}], "date_of_purchase": "2019-02-09 04:50:00"}
{"customer_id": "C92", "basket": [{"product_id": "P44", "price": 724}, {"product_id": "P45", "price": 631}], "date_of_purchase": "2019-02-09 15:29:00"}
{"customer_id": "C98", "basket": [{"product_id": "P33", "price": 1731}], "date_of_purchase": "2019-02-09 13:41:00"}
{"customer_id": "C103", "basket": [{"product_id": "P37", "price": 378}], "date_of_purchase": "2019-02-09 08:00:00"}
{"customer_id": "C105", "basket": [{"product_id": "P62", "price": 294}, {"product_id": "P62", "price": 1247}], "date_of_purchase": "2019-02-09 11:41:00"}
{"customer_id": "C106", "basket": [{"product_id": "P43", "price": 555}, {"product_id": "P45", "price": 568}, {"product_id": "P47", "price": 1720}], "date_of_purchase": "2019-02-09 06:08:00"}
{"customer_id": "C126", "basket": [{"product_id": "P41", "price": 318}, {"product_id": "P46", "price": 325}, {"product_id": "P56", "price": 156}], "date_of_purchase": "2019-02-09 10:18:00"}
{"customer_id": "C134", "basket": [{"product_id": "P37", "price": 613}, {"product_id": "P38", "price": 1440}, {"product_id": "P37", "price": 386}], "date_of_purchase": "2019-02-09 22:01:00"}
{"customer_id": "C136", "basket": [{"product_id": "P02", "price": 1278}, {"product_id": "P11", "price": 28}], "date_of_purchase": "2019-02-09 13:20:00"}
