{"customer_id": "C5", "basket": [{"product_id": "P45", "price": 1978}, {"product_id": "P50", "price": 42}], "date_of_purchase": "2018-12-28 04:45:00"}
{"customer_id": "C7", "basket": [{"product_id": "P38", "price": 896}, {"product_id": "P40", "price": 1285}], "date_of_purchase": "2018-12-28 18:23:00"}
{"customer_id": "C18", "basket": [{"product_id": "P24", "price": 1835}, {"product_id": "P29", "price": 782}, {"product_id": "P32", "price": 1438}], "date_of_purchase": "2018-12-28 12:17:00"}
{"customer_id": "C24", "basket": [{"product_id": "P40", "price": 1639}, {"product_id": "P36", "price": 1229}, {"product_id": "P40", "price": 255}], "date_of_purchase": "2018-12-28 03:33:00"}
{"customer_id": "C26", "basket": [{"product_id": "P56", "price": 111}, {"product_id": "P45", "price": 704}], "date_of_purchase": "2018-12-28 21:14:00"}
{"customer_id": "C27", "basket": [{"product_id": "P36", "price": 1613}], "date_of_purchase": "2018-12-28 14:33:00"}
{"customer_id": "C28", "basket": [{"product_id": "P23", "price": 1751}, {"product_id": "P31", "price": 501}, {"product_id": "P25", "price": 865}], "date_of_purchase": "2018-12-28 18:54:00"}
{"customer_id": "C33", "basket": [{"product_id": "P44", "price": 1888}], "date_of_purchase": "2018-12-28 12:30:00"}
{"customer_id": "C36", "basket": [{"product_id": "P11", "price": 298}], "date_of_purchase": "2018-12-28 13:05:00"}
{"customer_id": "C43", "basket": [{"product_id": "P27", "price": 1969}, {"product_id": "P22", "price": 851}, {"product_id": "P26", "price": 851}], "date_of_purchase": "2018-12-28 18:19:00"}
{"customer_id": "C50", "basket": [{"product_id": "P01", "price": 1607}, {"product_id": "P12", "price": 1651}], "date_of_purchase": "2018-12-28 21:01:00"}
{"customer_id": "C54", "basket": [{"product_id": "P35", "price": 886}, {"product_id": "P40", "price": 1225}, {"product_id": "P35", "price": 1739}], "date_of_purchase": "2018-12-28 12:35:00"}
{"customer_id": "C62", "basket": [{"product_id": "P48", "price": 1881}, {"product_id": "P43", "price": 1325}], "date_of_purchase": "2018-12-28 05:54:00"}
{"customer_id": "C65", "basket": [{"product_id": "P20", "price": 1637}, {"product_id": "P20", "price": 1113}, {"product_id": "P15", "price": 1848}], "date_of_purchase": "2018-12-28 09:52:00"}
{"customer_id": "C68", "basket": [{"product_id": "P54", "price": 1493}, {"product_id": "P43", "price": 1724}, {"product_id": "P49", "price": 464}], "date_of_purchase": "2018-12-28 06:51:00"}
{"customer_id": "C79", "basket": [{"product_id": "P33", "price": 1404}, {"product_id": "P34", "price": 371}], "date_of_purchase": "2018-12-28 15:53:00"}
{"customer_id": "C80", "basket": [{"product_id": "P39", "price": 427}], "date_of_purchase": "2018-12-28 08:49:00"}
{"customer_id": "C86", "basket": [{"product_id": "P63", "price": 1218}], "date_of_purchase": "2018-12-28 17:22:00"}
{"customer_id": "C88", "basket": [{"product_id": "P23", "price": 812}], "date_of_purchase": "2018-12-28 07:23:00"}
{"customer_id": "C108", "basket": [{"product_id": "P50", "price": 112}], "date_of_purchase": "2018-12-28 12:40:00"}
{"customer_id": "C111", "basket": [{"product_id": "P28", "price": 1052}, {"product_id": "P31", "price": 793}], "date_of_purchase": "2018-12-28 21:57:00"}
{"customer_id": "C122", "basket": [{"product_id": "P31", "price": 344}, {"product_id": "P27", "price": 495}, {"product_id": "P25", "price": 566}], "date_of_purchase": "2018-12-28 03:43:00"}
{"customer_id": "C124", "basket": [{"product_id": "P55", "price": 802}, {"product_id": "P58", "price": 152}], "date_of_purchase": "2018-12-28 03:48:00"}
{"customer_id": "C129", "basket": [{"product_id": "P28", "price": 1008}], "date_of_purchase": "2018-12-28 09:25:00"}
{"customer_id": "C135", "basket": [{"product_id": "P31", "price": 1895}, {"product_id": "P26", "price": 1925}, {"product_id": "P26", "price": 1045}], "date_of_purchase": "2018-12-28 07:48:00"}
